{
    "variants": {
        "axis:y":  [ 
				{ "model": "birch_log", "Weight": 5 },
				{ "model": "birch_log_1", "Weight": 5 },
				{ "model": "birch_log_2", "Weight": 5  } ],
        "axis:z":   [ 
				{ "model": "birch_log", "x": 90, "Weight": 5  },
				{ "model": "birch_log_1", "x": 90, "Weight": 5 },
				{ "model": "birch_log_2", "x": 90, "Weight": 5  } ],
        "axis:x":   [ 
				{ "model": "birch_log", "x": 90, "y": 90, "Weight": 5  },
				{ "model": "birch_log_1", "x": 90, "y": 90, "Weight": 5 },
				{ "model": "birch_log_2", "x": 90, "y": 90, "Weight": 5  } ],
        "axis:none": [ 
				{ "model": "birch_bark", "Weight": 5  },
				{ "model": "birch_bark_1", "Weight": 5 },
				{ "model": "birch_bark_2", "Weight": 5  } ]
    }
}
