{
    "variants": {
        "snowy=false": [
            { "model": "grass_normal", "weight": 45 },
            { "model": "grass_normal", "y": 90, "weight": 45 },
            { "model": "grass_normal", "y": 180, "weight": 45 },
            { "model": "grass_normal", "y": 270, "weight": 45 },
			{ "model": "grass_1", "weight": 5 },
            { "model": "grass_1", "y": 90, "weight": 5 },
            { "model": "grass_1", "y": 180, "weight": 5  },
            { "model": "grass_1", "y": 270, "weight": 5 },	
			{ "model": "grass_2", "weight": 1 },
            { "model": "grass_2", "y": 90, "weight": 1 },
            { "model": "grass_2", "y": 180, "weight": 1  },
            { "model": "grass_2", "y": 270, "weight": 1  }			
        ],
        "snowy=true":  { "model": "grass_snowed" }
    }
}
