{
"textures": {
    "particle": "blocks/adv/anvil/anvil",
    "body": "blocks/adv/anvil/anvil",
    "top": "blocks/adv/anvil/anvilt1"
},
"elements": [ 
{
    "__comment": "anvil base",
    "from": [ 2, 0, 2 ],
    "to": [ 14, 4, 14 ],
    "faces": {
        "down":  { "uv": [ 0, 7.5, 6, 16 ], "rotation": 180, "texture": "#body", "cullface": "down" },
        "up":    { "uv": [ 6, 5.5, 14, 11.5 ], "rotation": 270, "texture": "#body" },
        "north": { "uv": [ 0, 5.5, 6, 8 ], "texture": "#body" },
        "south": { "uv": [ 0, 5.5, 6, 8 ], "texture": "#body" },
        "west":  { "uv": [ 6, 5.5, 14, 3 ], "rotation": 180, "texture": "#body" },
        "east":  { "uv": [ 14, 3, 6, 5.5 ], "texture": "#body" }
    }
},
{
    "__comment": "Lower narrow portion",
    "from": [ 4, 4, 3 ],
    "to": [ 12, 5, 13 ],
    "faces": {
        "down":  { "uv": [ 4, 3, 12, 13 ], "rotation": 180, "texture": "#body" },
        "up":    { "uv": [ 6.5, 6.5, 13.5, 10.5 ], "rotation": 270, "texture": "#body" },
        "north": { "uv": [ 6.5, 6.5, 7, 10.5 ], "texture": "#body" },
        "south": { "uv": [ 13, 6.5, 13.5, 10.5 ], "texture": "#body" },
        "west":  { "uv": [ 6.5, 6.5, 13.5, 7 ], "rotation": 90, "texture": "#body" },
        "east":  { "uv": [ 6.5, 10, 13.5, 10.5 ], "texture": "#body" }
    }
},
{
    "__comment": "Wider section beneath top portion",
    "from": [ 6, 5, 4 ],
    "to": [ 10, 10, 12 ],
    "faces": {
        "down":  { "uv": [ 10, 12, 6, 4 ], "rotation": 180, "texture": "#body" },
        "up":    { "uv": [ 10, 12, 6, 4 ], "rotation": 180, "texture": "#body" },
        "north": { "uv": [ 0, 3, 2, 5.5 ], "texture": "#body" },
        "south": { "uv": [ 0, 3, 2, 5.5 ], "texture": "#body" },
        "west":  { "uv": [ 2, 5.5, 6, 3 ], "rotation": 180, "texture": "#body" },
        "east":  { "uv": [ 6, 3, 2, 5.5 ], "texture": "#body" }
    }
},
{
    "__comment": "anvil top",
    "from": [ 3, 10, 0 ],
    "to": [ 13, 16, 16 ],
    "faces": {
        "down":  { "uv": [ 0, 7.5, 6, 16 ], "rotation": 180, "texture": "#body" },
        "up":    { "uv": [ 3, 0, 13, 16 ], "rotation": 180, "texture": "#top" },
        "north": { "uv": [ 8, 0, 15, 3 ], "texture": "#body" },
        "south": { "uv": [ 8, 0, 15, 3 ], "texture": "#body" },
        "west":  { "uv": [ 0, 3, 8, 0 ], "rotation": 180, "texture": "#body" },
        "east":  { "uv": [ 8, 0, 0, 3 ], "texture": "#body" }
    }
}
],
"display": {
    "thirdperson_righthand": {
        "rotation": [ 0, 0, 0 ],
        "translation": [ 0, 0, 0 ],
        "scale": [ 0.3, 0.3, 0.3 ]
    },
    "thirdperson_lefthand": {
        "rotation": [ 0, 0, 0 ],
        "translation": [ 0, 0, 0 ],
        "scale": [ 0.3, 0.3, 0.3 ]
    },
    "ground": {
        "rotation": [ 0, 0, 0 ],
        "translation": [ 0, 1.89, 0 ],
        "scale": [ 0.3, 0.3, 0.3 ]
    },
    "fixed": {
        "rotation": [ 0, 90, 0 ],
        "translation": [ 0, 0, 0 ],
        "scale": [ 0.5, 0.5, 0.5 ]
    },
    "firstperson_righthand": {
        "rotation": [ -7, 27, 0 ],
        "translation": [ -0.38, 0.56, -1.12 ],
        "scale": [ 0.5, 0.5, 0.5 ]
    },
    "firstperson_lefthand": {
        "rotation": [ -7, 13, 0 ],
        "translation": [ 0.38, 0.57, -1.51 ],
        "scale": [ 0.5, 0.5, 0.5 ]
    },
    "gui": {
        "rotation": [ 45, 45, 0 ],
        "translation": [ 0, 0, 0 ],
        "scale": [ 0.65, 0.65, 0.65 ]
    }
}
}