{
"textures": {
    "particle": "#texture",
    "texture": "#texture"
},
"elements": [ 
{
    "from": [ 1, 1, 1 ],
    "to": [ 15, 15, 15 ],
    "faces": {
        "down":  { "uv": [ 15, 15, 1, 1 ], "texture": "#texture" },
        "up":    { "uv": [ 1, 1, 15, 15 ], "texture": "#texture" },
        "north": { "uv": [ 1, 1, 15, 15 ], "texture": "#texture" },
        "south": { "uv": [ 1, 1, 15, 15 ], "texture": "#texture" },
        "west":  { "uv": [ 1, 1, 15, 15 ], "texture": "#texture" },
        "east":  { "uv": [ 1, 1, 15, 15 ], "texture": "#texture" }
    }
},
{
    "from": [ 0, 14, 14 ],
    "to": [ 16, 16, 16 ],
    "faces": {
        "down":  { "uv": [ 16, 16, 0, 14 ], "texture": "#texture" },
        "up":    { "uv": [ 0, 14, 16, 16 ], "texture": "#texture" },
        "north": { "uv": [ 16, 14, 0, 16 ], "texture": "#texture" },
        "south": { "uv": [ 0, 0, 16, 2 ], "texture": "#texture" },
        "west":  { "uv": [ 14, 0, 16, 2 ], "texture": "#texture" },
        "east":  { "uv": [ 0, 0, 2, 2 ], "texture": "#texture" }
    }
},
{
    "from": [ 0, 14, 0 ],
    "to": [ 16, 16, 2 ],
    "faces": {
        "down":  { "uv": [ 16, 0, 0, 2 ], "texture": "#texture" },
        "up":    { "uv": [ 0, 0, 16, 2 ], "texture": "#texture" },
        "north": { "uv": [ 0, 0, 16, 2 ], "texture": "#texture" },
        "south": { "uv": [ 0, 1, 16, 2 ], "texture": "#texture" },
        "west":  { "uv": [ 0, 0, 2, 2 ], "texture": "#texture" },
        "east":  { "uv": [ 14, 0, 16, 2 ], "texture": "#texture" }
    }
},
{
    "from": [ 14, 14, 2 ],
    "to": [ 16, 16, 14 ],
    "faces": {
        "down":  { "uv": [ 0, 16, 16, 15 ], "texture": "#texture" },
        "up":    { "uv": [ 14, 2, 16, 14 ], "texture": "#texture" },
        "north": { "uv": [ 0, 0, 2, 2 ], "texture": "#texture" },
        "south": { "uv": [ 14, 0, 16, 2 ], "texture": "#texture" },
        "west":  { "uv": [ 14, 14, 16, 2 ], "rotation": 90, "texture": "#texture" },
        "east":  { "uv": [ 2, 0, 14, 2 ], "texture": "#texture" }
    }
},
{
    "from": [ 0, 14, 2 ],
    "to": [ 2, 16, 14 ],
    "faces": {
        "down":  { "uv": [ 14.5, 16, 1.5, 15 ], "texture": "#texture" },
        "up":    { "uv": [ 0, 2, 2, 14 ], "texture": "#texture" },
        "north": { "uv": [ 14, 0, 16, 2 ], "texture": "#texture" },
        "south": { "uv": [ 0, 0, 2, 2 ], "texture": "#texture" },
        "west":  { "uv": [ 2, 0, 14, 2 ], "texture": "#texture" },
        "east":  { "uv": [ 1, 2, 2, 14 ], "rotation": 90, "texture": "#texture" }
    }
},
{
    "from": [ 0, 0, 14 ],
    "to": [ 16, 2, 16 ],
    "faces": {
        "down":  { "uv": [ 16, 16, 0, 14 ], "texture": "#texture" },
        "up":    { "uv": [ 0, 16, 16, 14 ], "texture": "#texture" },
        "north": { "uv": [ 0, 16, 16, 14 ], "texture": "#texture" },
        "south": { "uv": [ 0, 14, 16, 16 ], "texture": "#texture" },
        "west":  { "uv": [ 14, 14, 16, 16 ], "texture": "#texture" },
        "east":  { "uv": [ 0, 14, 2, 16 ], "texture": "#texture" }
    }
},
{
    "from": [ 0, 0, 0 ],
    "to": [ 16, 2, 2 ],
    "faces": {
        "down":  { "uv": [ 16, 2, 0, 0 ], "texture": "#texture" },
        "up":    { "uv": [ 16, 14, 0, 16 ], "texture": "#texture" },
        "north": { "uv": [ 0, 14, 16, 16 ], "texture": "#texture" },
        "south": { "uv": [ 0, 14, 16, 16 ], "texture": "#texture" },
        "west":  { "uv": [ 0, 14, 2, 16 ], "texture": "#texture" },
        "east":  { "uv": [ 14, 14, 16, 16 ], "texture": "#texture" }
    }
},
{
    "from": [ 0, 0, 2 ],
    "to": [ 2, 2, 14 ],
    "faces": {
        "down":  { "uv": [ 16, 14, 14, 2 ], "texture": "#texture" },
        "up":    { "uv": [ 14, 14, 2, 16 ], "rotation": 270, "texture": "#texture" },
        "north": { "uv": [ 14, 14, 16, 16 ], "texture": "#texture" },
        "south": { "uv": [ 0, 14, 2, 16 ], "texture": "#texture" },
        "west":  { "uv": [ 2, 14, 14, 16 ], "texture": "#texture" },
        "east":  { "uv": [ 16, 2, 14, 14 ], "rotation": 90, "texture": "#texture" }
    }
},
{
    "from": [ 14, 0, 2 ],
    "to": [ 16, 2, 14 ],
    "faces": {
        "down":  { "uv": [ 2, 14, 0, 2 ], "texture": "#texture" },
        "up":    { "uv": [ 14, 14, 2, 16 ], "rotation": 90, "texture": "#texture" },
        "north": { "uv": [ 0, 14, 2, 16 ], "texture": "#texture" },
        "south": { "uv": [ 14, 14, 16, 16 ], "texture": "#texture" },
        "west":  { "uv": [ 1, 14, 2, 2 ], "rotation": 90, "texture": "#texture" },
        "east":  { "uv": [ 2, 14, 14, 16 ], "texture": "#texture" }
    }
},
{
    "from": [ 0, 2, 0 ],
    "to": [ 2, 14, 2 ],
    "faces": {
        "down":  { "uv": [ 16, 2, 14, 0 ], "texture": "#texture" },
        "up":    { "uv": [ 0, 0, 2, 2 ], "texture": "#texture" },
        "north": { "uv": [ 14, 2, 16, 14 ], "texture": "#texture" },
        "south": { "uv": [ 2, 2, 0, 14 ], "texture": "#texture" },
        "west":  { "uv": [ 0, 2, 2, 14 ], "texture": "#texture" },
        "east":  { "uv": [ 16, 2, 14, 14 ], "texture": "#texture" }
    }
},
{
    "from": [ 14, 2, 0 ],
    "to": [ 16, 14, 2 ],
    "faces": {
        "down":  { "uv": [ 2, 2, 0, 0 ], "texture": "#texture" },
        "up":    { "uv": [ 14, 0, 16, 2 ], "texture": "#texture" },
        "north": { "uv": [ 0, 2, 2, 14 ], "texture": "#texture" },
        "south": { "uv": [ 16, 2, 14, 14 ], "texture": "#texture" },
        "west":  { "uv": [ 2, 2, 0, 14 ], "texture": "#texture" },
        "east":  { "uv": [ 14, 2, 16, 14 ], "texture": "#texture" }
    }
},
{
    "from": [ 14, 2, 14 ],
    "to": [ 16, 14, 16 ],
    "faces": {
        "down":  { "uv": [ 2, 16, 0, 14 ], "texture": "#texture" },
        "up":    { "uv": [ 14, 14, 16, 16 ], "texture": "#texture" },
        "north": { "uv": [ 2, 2, 0, 14 ], "texture": "#texture" },
        "south": { "uv": [ 16, 14, 14, 2 ], "texture": "#texture" },
        "west":  { "uv": [ 14, 14, 16, 2 ], "texture": "#texture" },
        "east":  { "uv": [ 0, 2, 2, 14 ], "texture": "#texture" }
    }
},
{
    "from": [ 0, 2, 14 ],
    "to": [ 2, 14, 16 ],
    "faces": {
        "down":  { "uv": [ 16, 16, 14, 14 ], "texture": "#texture" },
        "up":    { "uv": [ 0, 14, 2, 16 ], "texture": "#texture" },
        "north": { "uv": [ 16, 2, 14, 14 ], "texture": "#texture" },
        "south": { "uv": [ 0, 2, 2, 14 ], "texture": "#texture" },
        "west":  { "uv": [ 14, 2, 16, 14 ], "texture": "#texture" },
        "east":  { "uv": [ 2, 2, 0, 14 ], "texture": "#texture" }
    }
}
],
"display": {
    "thirdperson_righthand": {
        "rotation": [ 75, 45, 0 ],
        "translation": [ 0, 2.5, 0 ],
        "scale": [ 0.375, 0.375, 0.375 ]
    },
    "thirdperson_lefthand": {
        "rotation": [ 75, 45, 0 ],
        "translation": [ 0, 2.5, 0 ],
        "scale": [ 0.375, 0.375, 0.375 ]
    },
    "head": {
        "rotation": [ 0, 0, 0 ],
        "translation": [ 0, 0, 0 ],
        "scale": [ 1, 1, 1 ]
    },
    "ground": {
        "rotation": [ 0, 0, 0 ],
        "translation": [ 0, 3, 0 ],
        "scale": [ 0.25, 0.25, 0.25 ]
    },
    "fixed": {
        "rotation": [ 0, 0, 0 ],
        "translation": [ 0, 0, 0 ],
        "scale": [ 0.5, 0.5, 0.5 ]
    },
    "firstperson_righthand": {
        "rotation": [ 0, 45, 0 ],
        "translation": [ 0, 0, 0 ],
        "scale": [ 0.4, 0.4, 0.4 ]
    },
    "firstperson_lefthand": {
        "rotation": [ 0, 225, 0 ],
        "translation": [ 0, 0, 0 ],
        "scale": [ 0.4, 0.4, 0.4 ]
    },
    "gui": {
        "rotation": [ 30, 225, 0 ],
        "translation": [ 0, 0, 0 ],
        "scale": [ 0.625, 0.625, 0.625 ]
    }
}
}