{
"__comment": "Designed by %Irish",
"textures": {
    "particle": "blocks/cactus_side",
    "texture": "blocks/adv/cactus/cactus"
},
"elements": [ 
{
    "from": [ 1, 0, 1 ],
    "to": [ 15, 16, 15 ],
    "faces": {
        "down":  { "uv": [ 9.5, 2, 8, 0.5 ], "texture": "#texture" },
        "up":    { "uv": [ 0.5, 0.5, 7.5, 7.5 ], "texture": "#texture" },
        "north": { "uv": [ 0.5, 8, 7.5, 16 ], "texture": "#texture" },
        "south": { "uv": [ 0.5, 8, 7.5, 16 ], "texture": "#texture" },
        "west":  { "uv": [ 0.5, 8, 7.5, 16 ], "texture": "#texture" },
        "east":  { "uv": [ 0.5, 8, 7.5, 16 ], "texture": "#texture" }
    }
},
{
    "from": [ 11, 14, 0 ],
    "to": [ 12, 15, 1 ],
    "faces": {
        "down":  { "uv": [ 9.5, 2, 8, 0.5 ], "texture": "#texture" },
        "up":    { "uv": [ 8, 0.5, 9.5, 2 ], "texture": "#texture" },
        "north": { "uv": [ 8, 0.5, 9.5, 2 ], "texture": "#texture" },
        "south": { "uv": [ 8, 0.5, 9.5, 2 ], "texture": "#texture" },
        "west":  { "uv": [ 8, 0.5, 9.5, 2 ], "texture": "#texture" },
        "east":  { "uv": [ 8, 0.5, 9.5, 2 ], "texture": "#texture" }
    }
},
{
    "from": [ 11, 15, 15 ],
    "to": [ 12, 16, 16 ],
    "faces": {
        "down":  { "uv": [ 9.5, 2, 8, 0.5 ], "texture": "#texture" },
        "up":    { "uv": [ 8, 0.5, 9.5, 2 ], "texture": "#texture" },
        "north": { "uv": [ 8, 0.5, 9.5, 2 ], "texture": "#texture" },
        "south": { "uv": [ 8, 0.5, 9.5, 2 ], "texture": "#texture" },
        "west":  { "uv": [ 8, 0.5, 9.5, 2 ], "texture": "#texture" },
        "east":  { "uv": [ 8, 0.5, 9.5, 2 ], "texture": "#texture" }
    }
},
{
    "from": [ 6, 12, 0 ],
    "to": [ 7, 13, 1 ],
    "faces": {
        "down":  { "uv": [ 9.5, 2, 8, 0.5 ], "texture": "#texture" },
        "up":    { "uv": [ 8, 0.5, 9.5, 2 ], "texture": "#texture" },
        "north": { "uv": [ 8, 0.5, 9.5, 2 ], "texture": "#texture" },
        "south": { "uv": [ 8, 0.5, 9.5, 2 ], "texture": "#texture" },
        "west":  { "uv": [ 8, 0.5, 9.5, 2 ], "texture": "#texture" },
        "east":  { "uv": [ 8, 0.5, 9.5, 2 ], "texture": "#texture" }
    }
},
{
    "from": [ 9, 9, 0 ],
    "to": [ 10, 10, 1 ],
    "faces": {
        "down":  { "uv": [ 9.5, 2, 8, 0.5 ], "texture": "#texture" },
        "up":    { "uv": [ 8, 0.5, 9.5, 2 ], "texture": "#texture" },
        "north": { "uv": [ 8, 0.5, 9.5, 2 ], "texture": "#texture" },
        "south": { "uv": [ 8, 0.5, 9.5, 2 ], "texture": "#texture" },
        "west":  { "uv": [ 8, 0.5, 9.5, 2 ], "texture": "#texture" },
        "east":  { "uv": [ 8, 0.5, 9.5, 2 ], "texture": "#texture" }
    }
},
{
    "from": [ 4, 7, 0 ],
    "to": [ 5, 8, 1 ],
    "faces": {
        "down":  { "uv": [ 9.5, 2, 8, 0.5 ], "texture": "#texture" },
        "up":    { "uv": [ 8, 0.5, 9.5, 2 ], "texture": "#texture" },
        "north": { "uv": [ 8, 0.5, 9.5, 2 ], "texture": "#texture" },
        "south": { "uv": [ 8, 0.5, 9.5, 2 ], "texture": "#texture" },
        "west":  { "uv": [ 8, 0.5, 9.5, 2 ], "texture": "#texture" },
        "east":  { "uv": [ 8, 0.5, 9.5, 2 ], "texture": "#texture" }
    }
},
{
    "from": [ 11, 4, 0 ],
    "to": [ 12, 5, 1 ],
    "faces": {
        "down":  { "uv": [ 9.5, 2, 8, 0.5 ], "texture": "#texture" },
        "up":    { "uv": [ 8, 0.5, 9.5, 2 ], "texture": "#texture" },
        "north": { "uv": [ 8, 0.5, 9.5, 2 ], "texture": "#texture" },
        "south": { "uv": [ 8, 0.5, 9.5, 2 ], "texture": "#texture" },
        "west":  { "uv": [ 8, 0.5, 9.5, 2 ], "texture": "#texture" },
        "east":  { "uv": [ 8, 0.5, 9.5, 2 ], "texture": "#texture" }
    }
},
{
    "from": [ 6, 2, 0 ],
    "to": [ 7, 3, 1 ],
    "faces": {
        "down":  { "uv": [ 9.5, 2, 8, 0.5 ], "texture": "#texture" },
        "up":    { "uv": [ 8, 0.5, 9.5, 2 ], "texture": "#texture" },
        "north": { "uv": [ 8, 0.5, 9.5, 2 ], "texture": "#texture" },
        "south": { "uv": [ 8, 0.5, 9.5, 2 ], "texture": "#texture" },
        "west":  { "uv": [ 8, 0.5, 9.5, 2 ], "texture": "#texture" },
        "east":  { "uv": [ 8, 0.5, 9.5, 2 ], "texture": "#texture" }
    }
},
{
    "from": [ 9, 1, 0 ],
    "to": [ 10, 2, 1 ],
    "faces": {
        "down":  { "uv": [ 9.5, 2, 8, 0.5 ], "texture": "#texture" },
        "up":    { "uv": [ 8, 0.5, 9.5, 2 ], "texture": "#texture" },
        "north": { "uv": [ 8, 0.5, 9.5, 2 ], "texture": "#texture" },
        "south": { "uv": [ 8, 0.5, 9.5, 2 ], "texture": "#texture" },
        "west":  { "uv": [ 8, 0.5, 9.5, 2 ], "texture": "#texture" },
        "east":  { "uv": [ 8, 0.5, 9.5, 2 ], "texture": "#texture" }
    }
},
{
    "from": [ 4, 15, 0 ],
    "to": [ 5, 16, 1 ],
    "faces": {
        "down":  { "uv": [ 9.5, 2, 8, 0.5 ], "texture": "#texture" },
        "up":    { "uv": [ 8, 0.5, 9.5, 2 ], "texture": "#texture" },
        "north": { "uv": [ 8, 0.5, 9.5, 2 ], "texture": "#texture" },
        "south": { "uv": [ 8, 0.5, 9.5, 2 ], "texture": "#texture" },
        "west":  { "uv": [ 8, 0.5, 9.5, 2 ], "texture": "#texture" },
        "east":  { "uv": [ 8, 0.5, 9.5, 2 ], "texture": "#texture" }
    }
},
{
    "from": [ 4, 14, 15 ],
    "to": [ 5, 15, 16 ],
    "faces": {
        "down":  { "uv": [ 9.5, 2, 8, 0.5 ], "texture": "#texture" },
        "up":    { "uv": [ 8, 0.5, 9.5, 2 ], "texture": "#texture" },
        "north": { "uv": [ 8, 0.5, 9.5, 2 ], "texture": "#texture" },
        "south": { "uv": [ 8, 0.5, 9.5, 2 ], "texture": "#texture" },
        "west":  { "uv": [ 8, 0.5, 9.5, 2 ], "texture": "#texture" },
        "east":  { "uv": [ 8, 0.5, 9.5, 2 ], "texture": "#texture" }
    }
},
{
    "from": [ 9, 12, 15 ],
    "to": [ 10, 13, 16 ],
    "faces": {
        "down":  { "uv": [ 9.5, 2, 8, 0.5 ], "texture": "#texture" },
        "up":    { "uv": [ 8, 0.5, 9.5, 2 ], "texture": "#texture" },
        "north": { "uv": [ 8, 0.5, 9.5, 2 ], "texture": "#texture" },
        "south": { "uv": [ 8, 0.5, 9.5, 2 ], "texture": "#texture" },
        "west":  { "uv": [ 8, 0.5, 9.5, 2 ], "texture": "#texture" },
        "east":  { "uv": [ 8, 0.5, 9.5, 2 ], "texture": "#texture" }
    }
},
{
    "from": [ 6, 9, 15 ],
    "to": [ 7, 10, 16 ],
    "faces": {
        "down":  { "uv": [ 9.5, 2, 8, 0.5 ], "texture": "#texture" },
        "up":    { "uv": [ 8, 0.5, 9.5, 2 ], "texture": "#texture" },
        "north": { "uv": [ 8, 0.5, 9.5, 2 ], "texture": "#texture" },
        "south": { "uv": [ 8, 0.5, 9.5, 2 ], "texture": "#texture" },
        "west":  { "uv": [ 8, 0.5, 9.5, 2 ], "texture": "#texture" },
        "east":  { "uv": [ 8, 0.5, 9.5, 2 ], "texture": "#texture" }
    }
},
{
    "from": [ 11, 7, 15 ],
    "to": [ 12, 8, 16 ],
    "faces": {
        "down":  { "uv": [ 9.5, 2, 8, 0.5 ], "texture": "#texture" },
        "up":    { "uv": [ 8, 0.5, 9.5, 2 ], "texture": "#texture" },
        "north": { "uv": [ 8, 0.5, 9.5, 2 ], "texture": "#texture" },
        "south": { "uv": [ 8, 0.5, 9.5, 2 ], "texture": "#texture" },
        "west":  { "uv": [ 8, 0.5, 9.5, 2 ], "texture": "#texture" },
        "east":  { "uv": [ 8, 0.5, 9.5, 2 ], "texture": "#texture" }
    }
},
{
    "from": [ 4, 4, 15 ],
    "to": [ 5, 5, 16 ],
    "faces": {
        "down":  { "uv": [ 9.5, 2, 8, 0.5 ], "texture": "#texture" },
        "up":    { "uv": [ 8, 0.5, 9.5, 2 ], "texture": "#texture" },
        "north": { "uv": [ 8, 0.5, 9.5, 2 ], "texture": "#texture" },
        "south": { "uv": [ 8, 0.5, 9.5, 2 ], "texture": "#texture" },
        "west":  { "uv": [ 8, 0.5, 9.5, 2 ], "texture": "#texture" },
        "east":  { "uv": [ 8, 0.5, 9.5, 2 ], "texture": "#texture" }
    }
},
{
    "from": [ 6, 1, 15 ],
    "to": [ 7, 2, 16 ],
    "faces": {
        "down":  { "uv": [ 9.5, 2, 8, 0.5 ], "texture": "#texture" },
        "up":    { "uv": [ 8, 0.5, 9.5, 2 ], "texture": "#texture" },
        "north": { "uv": [ 8, 0.5, 9.5, 2 ], "texture": "#texture" },
        "south": { "uv": [ 8, 0.5, 9.5, 2 ], "texture": "#texture" },
        "west":  { "uv": [ 8, 0.5, 9.5, 2 ], "texture": "#texture" },
        "east":  { "uv": [ 8, 0.5, 9.5, 2 ], "texture": "#texture" }
    }
},
{
    "from": [ 9, 2, 15 ],
    "to": [ 10, 3, 16 ],
    "faces": {
        "down":  { "uv": [ 9.5, 2, 8, 0.5 ], "texture": "#texture" },
        "up":    { "uv": [ 8, 0.5, 9.5, 2 ], "texture": "#texture" },
        "north": { "uv": [ 8, 0.5, 9.5, 2 ], "texture": "#texture" },
        "south": { "uv": [ 8, 0.5, 9.5, 2 ], "texture": "#texture" },
        "west":  { "uv": [ 8, 0.5, 9.5, 2 ], "texture": "#texture" },
        "east":  { "uv": [ 8, 0.5, 9.5, 2 ], "texture": "#texture" }
    }
},
{
    "from": [ 9, 2, 15 ],
    "to": [ 10, 3, 16 ],
    "faces": {
        "down":  { "uv": [ 9.5, 2, 8, 0.5 ], "texture": "#texture" },
        "up":    { "uv": [ 8, 0.5, 9.5, 2 ], "texture": "#texture" },
        "north": { "uv": [ 8, 0.5, 9.5, 2 ], "texture": "#texture" },
        "south": { "uv": [ 8, 0.5, 9.5, 2 ], "texture": "#texture" },
        "west":  { "uv": [ 8, 0.5, 9.5, 2 ], "texture": "#texture" },
        "east":  { "uv": [ 8, 0.5, 9.5, 2 ], "texture": "#texture" }
    }
},
{
    "from": [ 15, 12, 6 ],
    "to": [ 16, 13, 7 ],
    "faces": {
        "down":  { "uv": [ 9.5, 2, 8, 0.5 ], "texture": "#texture" },
        "up":    { "uv": [ 8, 0.5, 9.5, 2 ], "texture": "#texture" },
        "north": { "uv": [ 8, 0.5, 9.5, 2 ], "texture": "#texture" },
        "south": { "uv": [ 8, 0.5, 9.5, 2 ], "texture": "#texture" },
        "west":  { "uv": [ 8, 0.5, 9.5, 2 ], "texture": "#texture" },
        "east":  { "uv": [ 8, 0.5, 9.5, 2 ], "texture": "#texture" }
    }
},
{
    "from": [ 15, 14, 11 ],
    "to": [ 16, 15, 12 ],
    "faces": {
        "down":  { "uv": [ 9.5, 2, 8, 0.5 ], "texture": "#texture" },
        "up":    { "uv": [ 8, 0.5, 9.5, 2 ], "texture": "#texture" },
        "north": { "uv": [ 8, 0.5, 9.5, 2 ], "texture": "#texture" },
        "south": { "uv": [ 8, 0.5, 9.5, 2 ], "texture": "#texture" },
        "west":  { "uv": [ 8, 0.5, 9.5, 2 ], "texture": "#texture" },
        "east":  { "uv": [ 8, 0.5, 9.5, 2 ], "texture": "#texture" }
    }
},
{
    "from": [ 15, 15, 4 ],
    "to": [ 16, 16, 5 ],
    "faces": {
        "down":  { "uv": [ 9.5, 2, 8, 0.5 ], "texture": "#texture" },
        "up":    { "uv": [ 8, 0.5, 9.5, 2 ], "texture": "#texture" },
        "north": { "uv": [ 8, 0.5, 9.5, 2 ], "texture": "#texture" },
        "south": { "uv": [ 8, 0.5, 9.5, 2 ], "texture": "#texture" },
        "west":  { "uv": [ 8, 0.5, 9.5, 2 ], "texture": "#texture" },
        "east":  { "uv": [ 8, 0.5, 9.5, 2 ], "texture": "#texture" }
    }
},
{
    "from": [ 15, 9, 9 ],
    "to": [ 16, 10, 10 ],
    "faces": {
        "down":  { "uv": [ 9.5, 2, 8, 0.5 ], "texture": "#texture" },
        "up":    { "uv": [ 8, 0.5, 9.5, 2 ], "texture": "#texture" },
        "north": { "uv": [ 8, 0.5, 9.5, 2 ], "texture": "#texture" },
        "south": { "uv": [ 8, 0.5, 9.5, 2 ], "texture": "#texture" },
        "west":  { "uv": [ 8, 0.5, 9.5, 2 ], "texture": "#texture" },
        "east":  { "uv": [ 8, 0.5, 9.5, 2 ], "texture": "#texture" }
    }
},
{
    "from": [ 15, 7, 4 ],
    "to": [ 16, 8, 5 ],
    "faces": {
        "down":  { "uv": [ 9.5, 2, 8, 0.5 ], "texture": "#texture" },
        "up":    { "uv": [ 8, 0.5, 9.5, 2 ], "texture": "#texture" },
        "north": { "uv": [ 8, 0.5, 9.5, 2 ], "texture": "#texture" },
        "south": { "uv": [ 8, 0.5, 9.5, 2 ], "texture": "#texture" },
        "west":  { "uv": [ 8, 0.5, 9.5, 2 ], "texture": "#texture" },
        "east":  { "uv": [ 8, 0.5, 9.5, 2 ], "texture": "#texture" }
    }
},
{
    "from": [ 15, 4, 11 ],
    "to": [ 16, 5, 12 ],
    "faces": {
        "down":  { "uv": [ 9.5, 2, 8, 0.5 ], "texture": "#texture" },
        "up":    { "uv": [ 8, 0.5, 9.5, 2 ], "texture": "#texture" },
        "north": { "uv": [ 8, 0.5, 9.5, 2 ], "texture": "#texture" },
        "south": { "uv": [ 8, 0.5, 9.5, 2 ], "texture": "#texture" },
        "west":  { "uv": [ 8, 0.5, 9.5, 2 ], "texture": "#texture" },
        "east":  { "uv": [ 8, 0.5, 9.5, 2 ], "texture": "#texture" }
    }
},
{
    "from": [ 15, 2, 6 ],
    "to": [ 16, 3, 7 ],
    "faces": {
        "down":  { "uv": [ 9.5, 2, 8, 0.5 ], "texture": "#texture" },
        "up":    { "uv": [ 8, 0.5, 9.5, 2 ], "texture": "#texture" },
        "north": { "uv": [ 8, 0.5, 9.5, 2 ], "texture": "#texture" },
        "south": { "uv": [ 8, 0.5, 9.5, 2 ], "texture": "#texture" },
        "west":  { "uv": [ 8, 0.5, 9.5, 2 ], "texture": "#texture" },
        "east":  { "uv": [ 8, 0.5, 9.5, 2 ], "texture": "#texture" }
    }
},
{
    "from": [ 15, 1, 9 ],
    "to": [ 16, 2, 10 ],
    "faces": {
        "down":  { "uv": [ 9.5, 2, 8, 0.5 ], "texture": "#texture" },
        "up":    { "uv": [ 8, 0.5, 9.5, 2 ], "texture": "#texture" },
        "north": { "uv": [ 8, 0.5, 9.5, 2 ], "texture": "#texture" },
        "south": { "uv": [ 8, 0.5, 9.5, 2 ], "texture": "#texture" },
        "west":  { "uv": [ 8, 0.5, 9.5, 2 ], "texture": "#texture" },
        "east":  { "uv": [ 8, 0.5, 9.5, 2 ], "texture": "#texture" }
    }
},
{
    "from": [ 0, 15, 11 ],
    "to": [ 1, 16, 12 ],
    "faces": {
        "down":  { "uv": [ 9.5, 2, 8, 0.5 ], "texture": "#texture" },
        "up":    { "uv": [ 8, 0.5, 9.5, 2 ], "texture": "#texture" },
        "north": { "uv": [ 8, 0.5, 9.5, 2 ], "texture": "#texture" },
        "south": { "uv": [ 8, 0.5, 9.5, 2 ], "texture": "#texture" },
        "west":  { "uv": [ 8, 0.5, 9.5, 2 ], "texture": "#texture" },
        "east":  { "uv": [ 8, 0.5, 9.5, 2 ], "texture": "#texture" }
    }
},
{
    "from": [ 0, 14, 4 ],
    "to": [ 1, 15, 5 ],
    "faces": {
        "down":  { "uv": [ 9.5, 2, 8, 0.5 ], "texture": "#texture" },
        "up":    { "uv": [ 8, 0.5, 9.5, 2 ], "texture": "#texture" },
        "north": { "uv": [ 8, 0.5, 9.5, 2 ], "texture": "#texture" },
        "south": { "uv": [ 8, 0.5, 9.5, 2 ], "texture": "#texture" },
        "west":  { "uv": [ 8, 0.5, 9.5, 2 ], "texture": "#texture" },
        "east":  { "uv": [ 8, 0.5, 9.5, 2 ], "texture": "#texture" }
    }
},
{
    "from": [ 0, 12, 9 ],
    "to": [ 1, 13, 10 ],
    "faces": {
        "down":  { "uv": [ 9.5, 2, 8, 0.5 ], "texture": "#texture" },
        "up":    { "uv": [ 8, 0.5, 9.5, 2 ], "texture": "#texture" },
        "north": { "uv": [ 8, 0.5, 9.5, 2 ], "texture": "#texture" },
        "south": { "uv": [ 8, 0.5, 9.5, 2 ], "texture": "#texture" },
        "west":  { "uv": [ 8, 0.5, 9.5, 2 ], "texture": "#texture" },
        "east":  { "uv": [ 8, 0.5, 9.5, 2 ], "texture": "#texture" }
    }
},
{
    "from": [ 0, 9, 6 ],
    "to": [ 1, 10, 7 ],
    "faces": {
        "down":  { "uv": [ 9.5, 2, 8, 0.5 ], "texture": "#texture" },
        "up":    { "uv": [ 8, 0.5, 9.5, 2 ], "texture": "#texture" },
        "north": { "uv": [ 8, 0.5, 9.5, 2 ], "texture": "#texture" },
        "south": { "uv": [ 8, 0.5, 9.5, 2 ], "texture": "#texture" },
        "west":  { "uv": [ 8, 0.5, 9.5, 2 ], "texture": "#texture" },
        "east":  { "uv": [ 8, 0.5, 9.5, 2 ], "texture": "#texture" }
    }
},
{
    "from": [ 0, 7, 11 ],
    "to": [ 1, 8, 12 ],
    "faces": {
        "down":  { "uv": [ 9.5, 2, 8, 0.5 ], "texture": "#texture" },
        "up":    { "uv": [ 8, 0.5, 9.5, 2 ], "texture": "#texture" },
        "north": { "uv": [ 8, 0.5, 9.5, 2 ], "texture": "#texture" },
        "south": { "uv": [ 8, 0.5, 9.5, 2 ], "texture": "#texture" },
        "west":  { "uv": [ 8, 0.5, 9.5, 2 ], "texture": "#texture" },
        "east":  { "uv": [ 8, 0.5, 9.5, 2 ], "texture": "#texture" }
    }
},
{
    "from": [ 0, 4, 4 ],
    "to": [ 1, 5, 5 ],
    "faces": {
        "down":  { "uv": [ 9.5, 2, 8, 0.5 ], "texture": "#texture" },
        "up":    { "uv": [ 8, 0.5, 9.5, 2 ], "texture": "#texture" },
        "north": { "uv": [ 8, 0.5, 9.5, 2 ], "texture": "#texture" },
        "south": { "uv": [ 8, 0.5, 9.5, 2 ], "texture": "#texture" },
        "west":  { "uv": [ 8, 0.5, 9.5, 2 ], "texture": "#texture" },
        "east":  { "uv": [ 8, 0.5, 9.5, 2 ], "texture": "#texture" }
    }
},
{
    "from": [ 0, 1, 6 ],
    "to": [ 1, 2, 7 ],
    "faces": {
        "down":  { "uv": [ 9.5, 2, 8, 0.5 ], "texture": "#texture" },
        "up":    { "uv": [ 8, 0.5, 9.5, 2 ], "texture": "#texture" },
        "north": { "uv": [ 8, 0.5, 9.5, 2 ], "texture": "#texture" },
        "south": { "uv": [ 8, 0.5, 9.5, 2 ], "texture": "#texture" },
        "west":  { "uv": [ 8, 0.5, 9.5, 2 ], "texture": "#texture" },
        "east":  { "uv": [ 8, 0.5, 9.5, 2 ], "texture": "#texture" }
    }
},
{
    "from": [ 0, 2, 9 ],
    "to": [ 1, 3, 10 ],
    "faces": {
        "down":  { "uv": [ 9.5, 2, 8, 0.5 ], "texture": "#texture" },
        "up":    { "uv": [ 8, 0.5, 9.5, 2 ], "texture": "#texture" },
        "north": { "uv": [ 8, 0.5, 9.5, 2 ], "texture": "#texture" },
        "south": { "uv": [ 8, 0.5, 9.5, 2 ], "texture": "#texture" },
        "west":  { "uv": [ 8, 0.5, 9.5, 2 ], "texture": "#texture" },
        "east":  { "uv": [ 8, 0.5, 9.5, 2 ], "texture": "#texture" }
    }
},
{
    "from": [ 5, 16, 5 ],
    "to": [ 11, 17, 11 ],
    "faces": {
        "down":  { "uv": [ 15, 11.5, 9, 5.5 ], "texture": "#texture" },
        "up":    { "uv": [ 2.5, 2.5, 5.5, 5.5 ], "texture": "#texture" },
        "north": { "uv": [ 2.5, 2.5, 5.5, 3 ], "texture": "#texture" },
        "south": { "uv": [ 2.5, 5, 5.5, 5.5 ], "texture": "#texture" },
        "west":  { "uv": [ 2.5, 2.5, 5.5, 3 ], "texture": "#texture" },
        "east":  { "uv": [ 2.5, 2.5, 5.5, 3 ], "texture": "#texture" }
    }
},
{
    "from": [ 7, 16, 4 ],
    "to": [ 9, 17, 5 ],
    "faces": {
        "down":  { "uv": [ 9, 5, 7, 4 ], "texture": "#texture" },
        "up":    { "uv": [ 3.5, 2, 4.5, 2.5 ], "texture": "#texture" },
        "north": { "uv": [ 3.5, 2, 4.5, 2.5 ], "texture": "#texture" },
        "south": { "uv": [ 3.5, 2, 4.5, 2.5 ], "texture": "#texture" },
        "west":  { "uv": [ 3.5, 2, 4.5, 2.5 ], "texture": "#texture" },
        "east":  { "uv": [ 3.5, 2, 4.5, 2.5 ], "texture": "#texture" }
    }
},
{
    "from": [ 7, 16, 11 ],
    "to": [ 9, 17, 12 ],
    "faces": {
        "down":  { "uv": [ 9, 5, 7, 4 ], "texture": "#texture" },
        "up":    { "uv": [ 3.5, 2, 4.5, 2.5 ], "texture": "#texture" },
        "north": { "uv": [ 3.5, 2, 4.5, 2.5 ], "texture": "#texture" },
        "south": { "uv": [ 3.5, 2, 4.5, 2.5 ], "texture": "#texture" },
        "west":  { "uv": [ 3.5, 2, 4.5, 2.5 ], "texture": "#texture" },
        "east":  { "uv": [ 3.5, 2, 4.5, 2.5 ], "texture": "#texture" }
    }
},
{
    "from": [ 11, 16, 7 ],
    "to": [ 12, 17, 9 ],
    "faces": {
        "down":  { "uv": [ 9, 5, 7, 4 ], "texture": "#texture" },
        "up":    { "uv": [ 3.5, 2, 4.5, 2.5 ], "texture": "#texture" },
        "north": { "uv": [ 3.5, 2, 4.5, 2.5 ], "texture": "#texture" },
        "south": { "uv": [ 3.5, 2, 4.5, 2.5 ], "texture": "#texture" },
        "west":  { "uv": [ 3.5, 2, 4.5, 2.5 ], "texture": "#texture" },
        "east":  { "uv": [ 3.5, 2, 4.5, 2.5 ], "texture": "#texture" }
    }
},
{
    "from": [ 4, 16, 7 ],
    "to": [ 5, 17, 9 ],
    "faces": {
        "down":  { "uv": [ 9, 5, 7, 4 ], "texture": "#texture" },
        "up":    { "uv": [ 3.5, 2, 4.5, 2.5 ], "texture": "#texture" },
        "north": { "uv": [ 3.5, 2, 4.5, 2.5 ], "texture": "#texture" },
        "south": { "uv": [ 3.5, 2, 4.5, 2.5 ], "texture": "#texture" },
        "west":  { "uv": [ 3.5, 2, 4.5, 2.5 ], "texture": "#texture" },
        "east":  { "uv": [ 3.5, 2, 4.5, 2.5 ], "texture": "#texture" }
    }
},
{
    "from": [ 12, 16, 2 ],
    "to": [ 13, 17, 3 ],
    "faces": {
        "down":  { "uv": [ 9.5, 2, 8, 0.5 ], "texture": "#texture" },
        "up":    { "uv": [ 8, 0.5, 9.5, 2 ], "texture": "#texture" },
        "north": { "uv": [ 8, 0.5, 9.5, 2 ], "texture": "#texture" },
        "south": { "uv": [ 8, 0.5, 9.5, 2 ], "texture": "#texture" },
        "west":  { "uv": [ 8, 0.5, 9.5, 2 ], "texture": "#texture" },
        "east":  { "uv": [ 8, 0.5, 9.5, 2 ], "texture": "#texture" }
    }
},
{
    "from": [ 13, 16, 7 ],
    "to": [ 14, 17, 8 ],
    "faces": {
        "down":  { "uv": [ 9.5, 2, 8, 0.5 ], "texture": "#texture" },
        "up":    { "uv": [ 8, 0.5, 9.5, 2 ], "texture": "#texture" },
        "north": { "uv": [ 8, 0.5, 9.5, 2 ], "texture": "#texture" },
        "south": { "uv": [ 8, 0.5, 9.5, 2 ], "texture": "#texture" },
        "west":  { "uv": [ 8, 0.5, 9.5, 2 ], "texture": "#texture" },
        "east":  { "uv": [ 8, 0.5, 9.5, 2 ], "texture": "#texture" }
    }
},
{
    "from": [ 4, 16, 12 ],
    "to": [ 5, 17, 13 ],
    "faces": {
        "down":  { "uv": [ 9.5, 2, 8, 0.5 ], "texture": "#texture" },
        "up":    { "uv": [ 8, 0.5, 9.5, 2 ], "texture": "#texture" },
        "north": { "uv": [ 8, 0.5, 9.5, 2 ], "texture": "#texture" },
        "south": { "uv": [ 8, 0.5, 9.5, 2 ], "texture": "#texture" },
        "west":  { "uv": [ 8, 0.5, 9.5, 2 ], "texture": "#texture" },
        "east":  { "uv": [ 8, 0.5, 9.5, 2 ], "texture": "#texture" }
    }
},
{
    "from": [ 8, 16, 13 ],
    "to": [ 9, 17, 14 ],
    "faces": {
        "down":  { "uv": [ 9.5, 2, 8, 0.5 ], "texture": "#texture" },
        "up":    { "uv": [ 8, 0.5, 9.5, 2 ], "texture": "#texture" },
        "north": { "uv": [ 8, 0.5, 9.5, 2 ], "texture": "#texture" },
        "south": { "uv": [ 8, 0.5, 9.5, 2 ], "texture": "#texture" },
        "west":  { "uv": [ 8, 0.5, 9.5, 2 ], "texture": "#texture" },
        "east":  { "uv": [ 8, 0.5, 9.5, 2 ], "texture": "#texture" }
    }
},
{
    "from": [ 3, 16, 8 ],
    "to": [ 4, 17, 9 ],
    "faces": {
        "down":  { "uv": [ 9.5, 2, 8, 0.5 ], "texture": "#texture" },
        "up":    { "uv": [ 8, 0.5, 9.5, 2 ], "texture": "#texture" },
        "north": { "uv": [ 8, 0.5, 9.5, 2 ], "texture": "#texture" },
        "south": { "uv": [ 8, 0.5, 9.5, 2 ], "texture": "#texture" },
        "west":  { "uv": [ 8, 0.5, 9.5, 2 ], "texture": "#texture" },
        "east":  { "uv": [ 8, 0.5, 9.5, 2 ], "texture": "#texture" }
    }
},
{
    "from": [ 2, 16, 5 ],
    "to": [ 3, 17, 6 ],
    "faces": {
        "down":  { "uv": [ 9.5, 2, 8, 0.5 ], "texture": "#texture" },
        "up":    { "uv": [ 8, 0.5, 9.5, 2 ], "texture": "#texture" },
        "north": { "uv": [ 8, 0.5, 9.5, 2 ], "texture": "#texture" },
        "south": { "uv": [ 8, 0.5, 9.5, 2 ], "texture": "#texture" },
        "west":  { "uv": [ 8, 0.5, 9.5, 2 ], "texture": "#texture" },
        "east":  { "uv": [ 8, 0.5, 9.5, 2 ], "texture": "#texture" }
    }
},
{
    "from": [ 7, 16, 2 ],
    "to": [ 8, 17, 3 ],
    "faces": {
        "down":  { "uv": [ 9.5, 2, 8, 0.5 ], "texture": "#texture" },
        "up":    { "uv": [ 8, 0.5, 9.5, 2 ], "texture": "#texture" },
        "north": { "uv": [ 8, 0.5, 9.5, 2 ], "texture": "#texture" },
        "south": { "uv": [ 8, 0.5, 9.5, 2 ], "texture": "#texture" },
        "west":  { "uv": [ 8, 0.5, 9.5, 2 ], "texture": "#texture" },
        "east":  { "uv": [ 8, 0.5, 9.5, 2 ], "texture": "#texture" }
    }
},
{
    "from": [ 15.5, 13.5, 0 ],
    "to": [ 16.5, 14.5, 2 ],
    "rotation": { "origin": [ 15.5, 13.5, 0 ], "axis": "y", "angle": -45 },
    "faces": {
        "down":  { "uv": [ 9.5, 2, 8, 0.5 ], "texture": "#texture" },
        "up":    { "uv": [ 8, 0.5, 9.5, 2 ], "texture": "#texture" },
        "north": { "uv": [ 8, 0.5, 9.5, 2 ], "texture": "#texture" },
        "south": { "uv": [ 8, 0.5, 9.5, 2 ], "texture": "#texture" },
        "west":  { "uv": [ 8, 0.5, 9.5, 2 ], "texture": "#texture" },
        "east":  { "uv": [ 8, 0.5, 9.5, 2 ], "texture": "#texture" }
    }
},
{
    "from": [ 15.5, 8, 0 ],
    "to": [ 16.5, 9, 2 ],
    "rotation": { "origin": [ 15.5, 8, 0 ], "axis": "y", "angle": -45 },
    "faces": {
        "down":  { "uv": [ 9.5, 2, 8, 0.5 ], "texture": "#texture" },
        "up":    { "uv": [ 8, 0.5, 9.5, 2 ], "texture": "#texture" },
        "north": { "uv": [ 8, 0.5, 9.5, 2 ], "texture": "#texture" },
        "south": { "uv": [ 8, 0.5, 9.5, 2 ], "texture": "#texture" },
        "west":  { "uv": [ 8, 0.5, 9.5, 2 ], "texture": "#texture" },
        "east":  { "uv": [ 8, 0.5, 9.5, 2 ], "texture": "#texture" }
    }
},
{
    "from": [ 15.5, 2, 0 ],
    "to": [ 16.5, 3, 2 ],
    "rotation": { "origin": [ 15.5, 2, 0 ], "axis": "y", "angle": -45 },
    "faces": {
        "down":  { "uv": [ 9.5, 2, 8, 0.5 ], "texture": "#texture" },
        "up":    { "uv": [ 8, 0.5, 9.5, 2 ], "texture": "#texture" },
        "north": { "uv": [ 8, 0.5, 9.5, 2 ], "texture": "#texture" },
        "south": { "uv": [ 8, 0.5, 9.5, 2 ], "texture": "#texture" },
        "west":  { "uv": [ 8, 0.5, 9.5, 2 ], "texture": "#texture" },
        "east":  { "uv": [ 8, 0.5, 9.5, 2 ], "texture": "#texture" }
    }
},
{
    "from": [ 14, 11, 14.5 ],
    "to": [ 15, 12, 16.5 ],
    "rotation": { "origin": [ 14, 11, 14.5 ], "axis": "y", "angle": 45 },
    "faces": {
        "down":  { "uv": [ 9.5, 2, 8, 0.5 ], "texture": "#texture" },
        "up":    { "uv": [ 8, 0.5, 9.5, 2 ], "texture": "#texture" },
        "north": { "uv": [ 8, 0.5, 9.5, 2 ], "texture": "#texture" },
        "south": { "uv": [ 8, 0.5, 9.5, 2 ], "texture": "#texture" },
        "west":  { "uv": [ 8, 0.5, 9.5, 2 ], "texture": "#texture" },
        "east":  { "uv": [ 8, 0.5, 9.5, 2 ], "texture": "#texture" }
    }
},
{
    "from": [ 0, 5, 0.5 ],
    "to": [ 1, 6, 2.5 ],
    "rotation": { "origin": [ 0, 5, 0.5 ], "axis": "y", "angle": 45 },
    "faces": {
        "down":  { "uv": [ 9.5, 2, 8, 0.5 ], "texture": "#texture" },
        "up":    { "uv": [ 8, 0.5, 9.5, 2 ], "texture": "#texture" },
        "north": { "uv": [ 8, 0.5, 9.5, 2 ], "texture": "#texture" },
        "south": { "uv": [ 8, 0.5, 9.5, 2 ], "texture": "#texture" },
        "west":  { "uv": [ 8, 0.5, 9.5, 2 ], "texture": "#texture" },
        "east":  { "uv": [ 8, 0.5, 9.5, 2 ], "texture": "#texture" }
    }
},
{
    "from": [ 0, 5, 0.5 ],
    "to": [ 1, 6, 2.5 ],
    "rotation": { "origin": [ 0, 5, 0.5 ], "axis": "y", "angle": 45 },
    "faces": {
        "down":  { "uv": [ 9.5, 2, 8, 0.5 ], "texture": "#texture" },
        "up":    { "uv": [ 8, 0.5, 9.5, 2 ], "texture": "#texture" },
        "north": { "uv": [ 8, 0.5, 9.5, 2 ], "texture": "#texture" },
        "south": { "uv": [ 8, 0.5, 9.5, 2 ], "texture": "#texture" },
        "west":  { "uv": [ 8, 0.5, 9.5, 2 ], "texture": "#texture" },
        "east":  { "uv": [ 8, 0.5, 9.5, 2 ], "texture": "#texture" }
    }
},
{
    "from": [ 0, 10.5, 0.5 ],
    "to": [ 1, 11.5, 2.5 ],
    "rotation": { "origin": [ 0, 10.5, 0.5 ], "axis": "y", "angle": 45 },
    "faces": {
        "down":  { "uv": [ 9.5, 2, 8, 0.5 ], "texture": "#texture" },
        "up":    { "uv": [ 8, 0.5, 9.5, 2 ], "texture": "#texture" },
        "north": { "uv": [ 8, 0.5, 9.5, 2 ], "texture": "#texture" },
        "south": { "uv": [ 8, 0.5, 9.5, 2 ], "texture": "#texture" },
        "west":  { "uv": [ 8, 0.5, 9.5, 2 ], "texture": "#texture" },
        "east":  { "uv": [ 8, 0.5, 9.5, 2 ], "texture": "#texture" }
    }
},
{
    "from": [ 14, 5, 14.5 ],
    "to": [ 15, 6, 16.5 ],
    "rotation": { "origin": [ 14, 5, 14.5 ], "axis": "y", "angle": 45 },
    "faces": {
        "down":  { "uv": [ 9.5, 2, 8, 0.5 ], "texture": "#texture" },
        "up":    { "uv": [ 8, 0.5, 9.5, 2 ], "texture": "#texture" },
        "north": { "uv": [ 8, 0.5, 9.5, 2 ], "texture": "#texture" },
        "south": { "uv": [ 8, 0.5, 9.5, 2 ], "texture": "#texture" },
        "west":  { "uv": [ 8, 0.5, 9.5, 2 ], "texture": "#texture" },
        "east":  { "uv": [ 8, 0.5, 9.5, 2 ], "texture": "#texture" }
    }
},
{
    "from": [ 15.5, 2, 0 ],
    "to": [ 16.5, 3, 2 ],
    "rotation": { "origin": [ 15.5, 2, 0 ], "axis": "y", "angle": -45 },
    "faces": {
        "down":  { "uv": [ 9.5, 2, 8, 0.5 ], "texture": "#texture" },
        "up":    { "uv": [ 8, 0.5, 9.5, 2 ], "texture": "#texture" },
        "north": { "uv": [ 8, 0.5, 9.5, 2 ], "texture": "#texture" },
        "south": { "uv": [ 8, 0.5, 9.5, 2 ], "texture": "#texture" },
        "west":  { "uv": [ 8, 0.5, 9.5, 2 ], "texture": "#texture" },
        "east":  { "uv": [ 8, 0.5, 9.5, 2 ], "texture": "#texture" }
    }
},
{
    "from": [ 1.5, 13.5, 14 ],
    "to": [ 2.5, 14.5, 16 ],
    "rotation": { "origin": [ 1.5, 13.5, 14 ], "axis": "y", "angle": -45 },
    "faces": {
        "down":  { "uv": [ 9.5, 2, 8, 0.5 ], "texture": "#texture" },
        "up":    { "uv": [ 8, 0.5, 9.5, 2 ], "texture": "#texture" },
        "north": { "uv": [ 8, 0.5, 9.5, 2 ], "texture": "#texture" },
        "south": { "uv": [ 8, 0.5, 9.5, 2 ], "texture": "#texture" },
        "west":  { "uv": [ 8, 0.5, 9.5, 2 ], "texture": "#texture" },
        "east":  { "uv": [ 8, 0.5, 9.5, 2 ], "texture": "#texture" }
    }
},
{
    "from": [ 1.5, 8, 14 ],
    "to": [ 2.5, 9, 16 ],
    "rotation": { "origin": [ 1.5, 8, 14 ], "axis": "y", "angle": -45 },
    "faces": {
        "down":  { "uv": [ 9.5, 2, 8, 0.5 ], "texture": "#texture" },
        "up":    { "uv": [ 8, 0.5, 9.5, 2 ], "texture": "#texture" },
        "north": { "uv": [ 8, 0.5, 9.5, 2 ], "texture": "#texture" },
        "south": { "uv": [ 8, 0.5, 9.5, 2 ], "texture": "#texture" },
        "west":  { "uv": [ 8, 0.5, 9.5, 2 ], "texture": "#texture" },
        "east":  { "uv": [ 8, 0.5, 9.5, 2 ], "texture": "#texture" }
    }
}
],
"display": {
    "thirdperson_righthand": {
        "rotation": [ 30, 45, 0 ],
        "translation": [ 0, 1, 0 ],
        "scale": [ 0.4, 0.4, 0.4 ]
    },
    "thirdperson_lefthand": {
        "rotation": [ 30, 45, 0 ],
        "translation": [ 0, 1, 0 ],
        "scale": [ 0.4, 0.4, 0.4 ]
    },
    "head": {
        "rotation": [ 0, 0, 0 ],
        "translation": [ 0, 0, 0 ],
        "scale": [ 1, 1, 1 ]
    },
    "ground": {
        "rotation": [ 0, 0, 0 ],
        "translation": [ 0, 1.3, 0 ],
        "scale": [ 0.3, 0.3, 0.3 ]
    },
    "fixed": {
        "rotation": [ 0, 0, 0 ],
        "translation": [ 0, 0, 0 ],
        "scale": [ 0.5, 0.5, 0.5 ]
    },
    "firstperson_righthand": {
        "rotation": [ 5, 45, 6 ],
        "translation": [ 0, 0, -2 ],
        "scale": [ 0.5, 0.5, 0.5 ]
    },
    "firstperson_lefthand": {
        "rotation": [ 5, 45, 6 ],
        "translation": [ 0, 0, -2 ],
        "scale": [ 0.5, 0.5, 0.5 ]
    },
    "gui": {
        "rotation": [ 30, -45, 0 ],
        "translation": [ 0, 0, 0 ],
        "scale": [ 0.62, 0.62, 0.62 ]
    }
}
}