{
"__comment": "Designed by %Irish",
"textures": {
    "particle": "blocks/enchanting_table_side",
    "texture": "blocks/adv/enchanting_table/enchant"
},
"elements": [ 
{
    "from": [ 1, 0, 1 ],
    "to": [ 15, 8, 15 ],
    "faces": {
        "down":  { "uv": [ 8, 11, 7.5, 10.5 ], "texture": "#texture", "cullface": "down" },
        "up":    { "uv": [ 1, 1, 15, 15 ], "texture": "#texture" },
        "north": { "uv": [ 0.5, 10, 7.5, 14 ], "texture": "#texture" },
        "south": { "uv": [ 0.5, 10, 7.5, 14 ], "texture": "#texture" },
        "west":  { "uv": [ 0.5, 10, 7.5, 14 ], "texture": "#texture" },
        "east":  { "uv": [ 0.5, 10, 7.5, 14 ], "texture": "#texture" }
    }
},
{
    "from": [ 4, 4, 0.5 ],
    "to": [ 12, 11, 1 ],
    "faces": {
        "down":  { "uv": [ 6, 11, 2, 11.5 ], "texture": "#texture" },
        "up":    { "uv": [ 2, 8.5, 6, 9 ], "texture": "#texture" },
        "north": { "uv": [ 2, 8.5, 6, 12 ], "texture": "#texture" },
        "south": { "uv": [ 8, 3.5, 16, 10.5 ], "texture": "#texture" },
        "west":  { "uv": [ 2, 8.5, 2.5, 12 ], "texture": "#texture" },
        "east":  { "uv": [ 5.5, 8.5, 6, 12 ], "texture": "#texture" }
    }
},
{
    "from": [ 5, 3, 0.5 ],
    "to": [ 11, 4, 1 ],
    "faces": {
        "down":  { "uv": [ 5.5, 12.5, 2.5, 12 ], "texture": "#texture" },
        "north": { "uv": [ 2.5, 12, 5.5, 12.5 ], "texture": "#texture" },
        "west":  { "uv": [ 2.5, 12, 3, 12.5 ], "texture": "#texture" },
        "east":  { "uv": [ 5, 12, 5.5, 12.5 ], "texture": "#texture" }
    }
},
{
    "from": [ 4, 4, 15 ],
    "to": [ 12, 11, 15.5 ],
    "faces": {
        "down":  { "uv": [ 6, 11, 2, 11.5 ], "texture": "#texture" },
        "up":    { "uv": [ 2, 8.5, 6, 9 ], "texture": "#texture" },
        "north": { "uv": [ 2, 8.5, 6, 12 ], "texture": "#texture" },
        "south": { "uv": [ 2, 8.5, 6, 12 ], "texture": "#texture" },
        "west":  { "uv": [ 2, 8.5, 2.5, 12 ], "texture": "#texture" },
        "east":  { "uv": [ 5.5, 8.5, 6, 12 ], "texture": "#texture" }
    }
},
{
    "from": [ 5, 3, 15 ],
    "to": [ 11, 4, 15.5 ],
    "faces": {
        "down":  { "uv": [ 5.5, 12.5, 2.5, 12 ], "texture": "#texture" },
        "south": { "uv": [ 2.5, 12, 5.5, 12.5 ], "texture": "#texture" },
        "west":  { "uv": [ 2.5, 12, 3, 12.5 ], "texture": "#texture" },
        "east":  { "uv": [ 5, 12, 5.5, 12.5 ], "texture": "#texture" }
    }
},
{
    "from": [ 0.5, 4, 4 ],
    "to": [ 1, 11, 12 ],
    "faces": {
        "down":  { "uv": [ 6, 12, 2, 11.5 ], "rotation": 90, "texture": "#texture" },
        "up":    { "uv": [ 2, 8.5, 6, 9 ], "rotation": 90, "texture": "#texture" },
        "north": { "uv": [ 5.5, 8.5, 6, 12 ], "texture": "#texture" },
        "south": { "uv": [ 2, 8.5, 2.5, 12 ], "texture": "#texture" },
        "west":  { "uv": [ 2, 8.5, 6, 12 ], "texture": "#texture" },
        "east":  { "uv": [ 2, 8.5, 6, 12 ], "texture": "#texture" }
    }
},
{
    "from": [ 0.5, 3, 5 ],
    "to": [ 1, 4, 11 ],
    "faces": {
        "down":  { "uv": [ 5.5, 12.5, 2.5, 12 ], "texture": "#texture" },
        "north": { "uv": [ 5, 12, 5.5, 12.5 ], "texture": "#texture" },
        "south": { "uv": [ 2.5, 12, 3, 12.5 ], "texture": "#texture" },
        "west":  { "uv": [ 2.5, 12, 5.5, 12.5 ], "texture": "#texture" }
    }
},
{
    "from": [ 15, 4, 4 ],
    "to": [ 15.5, 11, 12 ],
    "faces": {
        "down":  { "uv": [ 6, 12, 2, 11.5 ], "rotation": 90, "texture": "#texture" },
        "up":    { "uv": [ 2, 8.5, 6, 9 ], "rotation": 90, "texture": "#texture" },
        "north": { "uv": [ 5.5, 8.5, 6, 12 ], "texture": "#texture" },
        "south": { "uv": [ 2, 8.5, 2.5, 12 ], "texture": "#texture" },
        "west":  { "uv": [ 2, 8.5, 6, 12 ], "texture": "#texture" },
        "east":  { "uv": [ 2, 8.5, 6, 12 ], "texture": "#texture" }
    }
},
{
    "from": [ 15, 3, 5 ],
    "to": [ 15.5, 4, 11 ],
    "faces": {
        "down":  { "uv": [ 5.5, 12.5, 2.5, 12 ], "texture": "#texture" },
        "north": { "uv": [ 5, 12, 5.5, 12.5 ], "texture": "#texture" },
        "south": { "uv": [ 2.5, 12, 3, 12.5 ], "texture": "#texture" },
        "east":  { "uv": [ 2.5, 12, 5.5, 12.5 ], "texture": "#texture" }
    }
},
{
    "from": [ 1, 10.5, 4 ],
    "to": [ 15, 11, 12 ],
    "faces": {
        "down":  { "uv": [ 15, 12, 1, 4 ], "texture": "#texture" },
        "up":    { "uv": [ 0, 2, 8, 6 ], "texture": "#texture" },
        "north": { "uv": [ 1, 5, 15, 6 ], "texture": "#texture" },
        "south": { "uv": [ 1, 5, 15, 6 ], "texture": "#texture" }
    }
},
{
    "from": [ 4, 10, 1 ],
    "to": [ 12, 11, 4 ],
    "faces": {
        "down":  { "uv": [ 12, 4, 4, 1 ], "texture": "#texture" },
        "up":    { "uv": [ 2, 0, 6, 2 ], "texture": "#texture" },
        "south": { "uv": [ 4, 0, 12, 1 ], "texture": "#texture" },
        "west":  { "uv": [ 1, 0, 4, 1 ], "texture": "#texture" },
        "east":  { "uv": [ 12, 0, 15, 1 ], "texture": "#texture" }
    }
},
{
    "from": [ 4, 10, 12 ],
    "to": [ 12, 11, 15 ],
    "faces": {
        "down":  { "uv": [ 12, 15, 4, 12 ], "texture": "#texture" },
        "up":    { "uv": [ 2, 6, 6, 8 ], "texture": "#texture" },
        "north": { "uv": [ 4, 0, 12, 1 ], "texture": "#texture" },
        "west":  { "uv": [ 12, 0, 15, 1 ], "texture": "#texture" },
        "east":  { "uv": [ 1, 0, 4, 1 ], "texture": "#texture" }
    }
},
{
    "from": [ 12, 10, 12 ],
    "to": [ 13, 11, 13 ],
    "faces": {
        "down":  { "uv": [ 13, 4, 12, 3 ], "texture": "#texture" },
        "up":    { "uv": [ 1.5, 1.5, 2, 2 ], "texture": "#texture" },
        "north": { "uv": [ 12, 5, 13, 6 ], "texture": "#texture" }
    }
},
{
    "from": [ 12, 10, 3 ],
    "to": [ 13, 11, 4 ],
    "faces": {
        "down":  { "uv": [ 13, 4, 12, 3 ], "texture": "#texture" },
        "up":    { "uv": [ 1.5, 1.5, 2, 2 ], "texture": "#texture" },
        "south": { "uv": [ 3, 5, 4, 6 ], "texture": "#texture" }
    }
},
{
    "from": [ 3, 10, 3 ],
    "to": [ 4, 11, 4 ],
    "faces": {
        "down":  { "uv": [ 13, 4, 12, 3 ], "texture": "#texture" },
        "up":    { "uv": [ 1.5, 1.5, 2, 2 ], "texture": "#texture" },
        "south": { "uv": [ 3, 5, 4, 6 ], "texture": "#texture" }
    }
},
{
    "from": [ 3, 10, 12 ],
    "to": [ 4, 11, 13 ],
    "faces": {
        "down":  { "uv": [ 13, 4, 12, 3 ], "texture": "#texture" },
        "up":    { "uv": [ 1.5, 1.5, 2, 2 ], "texture": "#texture" },
        "north": { "uv": [ 12, 5, 13, 6 ], "texture": "#texture" }
    }
},
{
    "from": [ 0, 8, 0 ],
    "to": [ 4, 9, 4 ],
    "faces": {
        "down":  { "uv": [ 2, 10, 0, 9.5 ], "texture": "#texture" },
        "up":    { "uv": [ 0, 9.5, 2, 10 ], "texture": "#texture" },
        "north": { "uv": [ 0, 9.5, 2, 10 ], "texture": "#texture", "cullface": "north" },
        "south": { "uv": [ 0, 9.5, 2, 10 ], "texture": "#texture" },
        "west":  { "uv": [ 0, 9.5, 2, 10 ], "texture": "#texture", "cullface": "west" },
        "east":  { "uv": [ 0, 9.5, 2, 10 ], "texture": "#texture" }
    }
},
{
    "from": [ 12, 8, 0 ],
    "to": [ 16, 9, 4 ],
    "faces": {
        "down":  { "uv": [ 2, 10, 0, 9.5 ], "texture": "#texture" },
        "up":    { "uv": [ 0, 9.5, 2, 10 ], "texture": "#texture" },
        "north": { "uv": [ 0, 9.5, 2, 10 ], "texture": "#texture", "cullface": "north" },
        "south": { "uv": [ 0, 9.5, 2, 10 ], "texture": "#texture" },
        "west":  { "uv": [ 0, 9.5, 2, 10 ], "texture": "#texture" },
        "east":  { "uv": [ 0, 9.5, 2, 10 ], "texture": "#texture", "cullface": "east" }
    }
},
{
    "from": [ 12, 8, 12 ],
    "to": [ 16, 9, 16 ],
    "faces": {
        "down":  { "uv": [ 2, 10, 0, 9.5 ], "texture": "#texture" },
        "up":    { "uv": [ 0, 9.5, 2, 10 ], "texture": "#texture" },
        "north": { "uv": [ 0, 9.5, 2, 10 ], "texture": "#texture" },
        "south": { "uv": [ 0, 9.5, 2, 10 ], "texture": "#texture", "cullface": "south" },
        "west":  { "uv": [ 0, 9.5, 2, 10 ], "texture": "#texture" },
        "east":  { "uv": [ 0, 9.5, 2, 10 ], "texture": "#texture", "cullface": "east" }
    }
},
{
    "from": [ 0, 8, 12 ],
    "to": [ 4, 9, 16 ],
    "faces": {
        "down":  { "uv": [ 2, 10, 0, 9.5 ], "texture": "#texture" },
        "up":    { "uv": [ 0, 9.5, 2, 10 ], "texture": "#texture" },
        "north": { "uv": [ 0, 9.5, 2, 10 ], "texture": "#texture" },
        "south": { "uv": [ 0, 9.5, 2, 10 ], "texture": "#texture", "cullface": "south" },
        "west":  { "uv": [ 0, 9.5, 2, 10 ], "texture": "#texture", "cullface": "west" },
        "east":  { "uv": [ 0, 9.5, 2, 10 ], "texture": "#texture" }
    }
},
{
    "from": [ 1, 9, 1 ],
    "to": [ 3, 11, 3 ],
    "faces": {
        "north": { "uv": [ 0.5, 8.5, 1.5, 9.5 ], "texture": "#texture" },
        "west":  { "uv": [ 0.5, 8.5, 1.5, 9.5 ], "texture": "#texture" }
    }
},
{
    "from": [ 1, 9, 13 ],
    "to": [ 3, 11, 15 ],
    "faces": {
        "south": { "uv": [ 0.5, 8.5, 1.5, 9.5 ], "texture": "#texture" },
        "west":  { "uv": [ 0.5, 8.5, 1.5, 9.5 ], "texture": "#texture" }
    }
},
{
    "from": [ 13, 9, 1 ],
    "to": [ 15, 11, 3 ],
    "faces": {
        "north": { "uv": [ 0.5, 8.5, 1.5, 9.5 ], "texture": "#texture" },
        "east":  { "uv": [ 0.5, 8.5, 1.5, 9.5 ], "texture": "#texture" }
    }
},
{
    "from": [ 1, 9, 1 ],
    "to": [ 3, 11, 3 ],
    "faces": {
        "north": { "uv": [ 0.5, 8.5, 1.5, 9.5 ], "texture": "#texture" },
        "west":  { "uv": [ 0.5, 8.5, 1.5, 9.5 ], "texture": "#texture" }
    }
},
{
    "from": [ 13, 9, 13 ],
    "to": [ 15, 11, 15 ],
    "faces": {
        "south": { "uv": [ 0.5, 8.5, 1.5, 9.5 ], "texture": "#texture" },
        "east":  { "uv": [ 0.5, 8.5, 1.5, 9.5 ], "texture": "#texture" }
    }
},
{
    "from": [ 0, 9, 0 ],
    "to": [ 1, 11, 1 ],
    "faces": {
        "north": { "uv": [ 0, 8.5, 0.5, 9.5 ], "texture": "#texture", "cullface": "north" },
        "south": { "uv": [ 0, 8.5, 0.5, 9.5 ], "texture": "#texture" },
        "west":  { "uv": [ 0, 8.5, 0.5, 9.5 ], "texture": "#texture", "cullface": "west" },
        "east":  { "uv": [ 0, 8.5, 0.5, 9.5 ], "texture": "#texture" }
    }
},
{
    "from": [ 0, 9, 15 ],
    "to": [ 1, 11, 16 ],
    "faces": {
        "north": { "uv": [ 0, 8.5, 0.5, 9.5 ], "texture": "#texture" },
        "south": { "uv": [ 0, 8.5, 0.5, 9.5 ], "texture": "#texture", "cullface": "south" },
        "west":  { "uv": [ 0, 8.5, 0.5, 9.5 ], "texture": "#texture", "cullface": "west" },
        "east":  { "uv": [ 0, 8.5, 0.5, 9.5 ], "texture": "#texture" }
    }
},
{
    "from": [ 15, 9, 15 ],
    "to": [ 16, 11, 16 ],
    "faces": {
        "north": { "uv": [ 0, 8.5, 0.5, 9.5 ], "texture": "#texture" },
        "south": { "uv": [ 0, 8.5, 0.5, 9.5 ], "texture": "#texture", "cullface": "south" },
        "west":  { "uv": [ 0, 8.5, 0.5, 9.5 ], "texture": "#texture" },
        "east":  { "uv": [ 0, 8.5, 0.5, 9.5 ], "texture": "#texture", "cullface": "east" }
    }
},
{
    "from": [ 15, 9, 0 ],
    "to": [ 16, 11, 1 ],
    "faces": {
        "north": { "uv": [ 0, 8.5, 0.5, 9.5 ], "texture": "#texture", "cullface": "north" },
        "south": { "uv": [ 0, 8.5, 0.5, 9.5 ], "texture": "#texture" },
        "west":  { "uv": [ 0, 8.5, 0.5, 9.5 ], "texture": "#texture" },
        "east":  { "uv": [ 0, 8.5, 0.5, 9.5 ], "texture": "#texture", "cullface": "east" }
    }
},
{
    "from": [ 0, 11, 0 ],
    "to": [ 3, 12, 3 ],
    "faces": {
        "down":  { "uv": [ 1.5, 1.5, 0, 0 ], "texture": "#texture" },
        "up":    { "uv": [ 0, 0, 1.5, 1.5 ], "texture": "#texture" },
        "north": { "uv": [ 0, 0, 2, 0.5 ], "texture": "#texture", "cullface": "north" },
        "west":  { "uv": [ 1.5, 0, 2, 0.5 ], "rotation": 90, "texture": "#texture", "cullface": "west" }
    }
},
{
    "from": [ 0, 9, 3 ],
    "to": [ 3, 12, 4 ],
    "faces": {
        "up":    { "uv": [ 0, 1.5, 1.5, 2 ], "texture": "#texture" },
        "north": { "uv": [ 1.5, 6.5, 2, 8 ], "rotation": 270, "texture": "#texture" },
        "south": { "uv": [ 1.5, 6.5, 2, 8 ], "rotation": 90, "texture": "#texture" },
        "west":  { "uv": [ 1.5, 8, 2, 9.5 ], "texture": "#texture", "cullface": "west" },
        "east":  { "uv": [ 1.5, 6.5, 2, 7 ], "texture": "#texture" }
    }
},
{
    "from": [ 13, 9, 3 ],
    "to": [ 16, 12, 4 ],
    "faces": {
        "up":    { "uv": [ 1.5, 1.5, 0, 2 ], "texture": "#texture" },
        "north": { "uv": [ 2, 8, 1.5, 6.5 ], "rotation": 270, "texture": "#texture" },
        "south": { "uv": [ 2, 8, 1.5, 6.5 ], "rotation": 90, "texture": "#texture" },
        "west":  { "uv": [ 1.5, 6.5, 2, 7 ], "texture": "#texture" },
        "east":  { "uv": [ 1.5, 7.5, 2, 8 ], "texture": "#texture", "cullface": "east" }
    }
},
{
    "from": [ 0, 9, 12 ],
    "to": [ 3, 12, 13 ],
    "faces": {
        "up":    { "uv": [ 0, 1.5, 1.5, 2 ], "texture": "#texture" },
        "north": { "uv": [ 1.5, 6.5, 2, 8 ], "rotation": 270, "texture": "#texture" },
        "south": { "uv": [ 1.5, 6.5, 2, 8 ], "rotation": 90, "texture": "#texture" },
        "west":  { "uv": [ 1.5, 8, 2, 9.5 ], "texture": "#texture", "cullface": "west" },
        "east":  { "uv": [ 1.5, 6.5, 2, 7 ], "texture": "#texture" }
    }
},
{
    "from": [ 13, 9, 12 ],
    "to": [ 16, 12, 13 ],
    "faces": {
        "up":    { "uv": [ 1.5, 1.5, 0, 2 ], "texture": "#texture" },
        "north": { "uv": [ 2, 8, 1.5, 6.5 ], "rotation": 270, "texture": "#texture" },
        "south": { "uv": [ 2, 8, 1.5, 6.5 ], "rotation": 90, "texture": "#texture" },
        "west":  { "uv": [ 1.5, 6.5, 2, 7 ], "texture": "#texture" },
        "east":  { "uv": [ 1.5, 7.5, 2, 8 ], "texture": "#texture", "cullface": "east" }
    }
},
{
    "from": [ 12, 9, 13 ],
    "to": [ 13, 12, 16 ],
    "faces": {
        "up":    { "uv": [ 1.5, 1.5, 2, 0 ], "texture": "#texture" },
        "north": { "uv": [ 1.5, 1, 2, 1.5 ], "texture": "#texture" },
        "south": { "uv": [ 1.5, 0, 2, 0.5 ], "texture": "#texture", "cullface": "south" },
        "west":  { "uv": [ 1.5, 1.5, 2, 0 ], "rotation": 270, "texture": "#texture" },
        "east":  { "uv": [ 1.5, 1.5, 2, 0 ], "rotation": 90, "texture": "#texture" }
    }
},
{
    "from": [ 3, 9, 0 ],
    "to": [ 4, 12, 3 ],
    "faces": {
        "up":    { "uv": [ 1.5, 0, 2, 1.5 ], "texture": "#texture" },
        "north": { "uv": [ 1.5, 0, 2, 0.5 ], "texture": "#texture", "cullface": "north" },
        "south": { "uv": [ 1.5, 1, 2, 1.5 ], "texture": "#texture" },
        "west":  { "uv": [ 1.5, 0, 2, 1.5 ], "rotation": 270, "texture": "#texture" },
        "east":  { "uv": [ 1.5, 0, 2, 1.5 ], "rotation": 90, "texture": "#texture" }
    }
},
{
    "from": [ 12, 9, 0 ],
    "to": [ 13, 12, 3 ],
    "faces": {
        "up":    { "uv": [ 1.5, 0, 2, 1.5 ], "texture": "#texture" },
        "north": { "uv": [ 1.5, 0, 2, 0.5 ], "texture": "#texture", "cullface": "north" },
        "south": { "uv": [ 1.5, 1, 2, 1.5 ], "texture": "#texture" },
        "west":  { "uv": [ 1.5, 0, 2, 1.5 ], "rotation": 270, "texture": "#texture" },
        "east":  { "uv": [ 1.5, 0, 2, 1.5 ], "rotation": 90, "texture": "#texture" }
    }
},
{
    "from": [ 3, 9, 13 ],
    "to": [ 4, 12, 16 ],
    "faces": {
        "up":    { "uv": [ 1.5, 1.5, 2, 0 ], "texture": "#texture" },
        "north": { "uv": [ 1.5, 1, 2, 1.5 ], "texture": "#texture" },
        "south": { "uv": [ 1.5, 0, 2, 0.5 ], "texture": "#texture", "cullface": "south" },
        "west":  { "uv": [ 1.5, 1.5, 2, 0 ], "rotation": 270, "texture": "#texture" },
        "east":  { "uv": [ 1.5, 1.5, 2, 0 ], "rotation": 90, "texture": "#texture" }
    }
},
{
    "from": [ 13, 11, 13 ],
    "to": [ 16, 12, 16 ],
    "faces": {
        "down":  { "uv": [ 1.5, 0.5, 0, 0 ], "texture": "#texture" },
        "up":    { "uv": [ 0, 1.5, 1.5, 0 ], "rotation": 270, "texture": "#texture" },
        "south": { "uv": [ 0, 0, 1.5, 0.5 ], "texture": "#texture", "cullface": "south" },
        "east":  { "uv": [ 0, 0, 0.5, 1.5 ], "texture": "#texture", "cullface": "east" }
    }
},
{
    "from": [ 13, 11, 0 ],
    "to": [ 16, 12, 3 ],
    "faces": {
        "down":  { "uv": [ 1.5, 1.5, 0, 0 ], "texture": "#texture" },
        "up":    { "uv": [ 0, 0, 1.5, 1.5 ], "rotation": 90, "texture": "#texture" },
        "north": { "uv": [ 0, 0, 2, 0.5 ], "texture": "#texture", "cullface": "north" },
        "east":  { "uv": [ 0, 0, 0.5, 1.5 ], "texture": "#texture", "cullface": "east" }
    }
},
{
    "from": [ 0, 11, 13 ],
    "to": [ 3, 12, 16 ],
    "faces": {
        "down":  { "uv": [ 1.5, 0.5, 0, 0 ], "texture": "#texture" },
        "up":    { "uv": [ 1.5, 1.5, 0, 0 ], "rotation": 90, "texture": "#texture" },
        "south": { "uv": [ 0, 0, 1.5, 0.5 ], "texture": "#texture", "cullface": "south" },
        "west":  { "uv": [ 1.5, 0, 2, 0.5 ], "rotation": 90, "texture": "#texture", "cullface": "west" }
    }
}
],
"display": {
    "thirdperson_righthand": {
        "rotation": [ 75, 45, 0 ],
        "translation": [ 0, 1, 0 ],
        "scale": [ 0.4, 0.4, 0.4 ]
    },
    "thirdperson_lefthand": {
        "rotation": [ 75, 45, 0 ],
        "translation": [ 0, 1, 0 ],
        "scale": [ 0.4, 0.4, 0.4 ]
    },
    "ground": {
        "rotation": [ 0, 0, 0 ],
        "translation": [ 0, 1.3, 0 ],
        "scale": [ 0.3, 0.3, 0.3 ]
    },
    "fixed": {
        "rotation": [ 0, 0, 0 ],
        "translation": [ 0, 0, 0 ],
        "scale": [ 0.5, 0.5, 0.5 ]
    },
    "firstperson_righthand": {
        "rotation": [ 5, 45, 6 ],
        "translation": [ 0, 0, -2 ],
        "scale": [ 0.5, 0.5, 0.5 ]
    },
    "firstperson_lefthand": {
        "rotation": [ 5, 45, 6 ],
        "translation": [ 0, 0, -2 ],
        "scale": [ 0.5, 0.5, 0.5 ]
    },
    "gui": {
        "rotation": [ 30, -45, 0 ],
        "translation": [ 0, 0, 0 ],
        "scale": [ 0.62, 0.62, 0.62 ]
    }
}
}