{
"textures": {
    "particle": "blocks/furnace_side",
    "texture": "blocks/adv/furnace/furnace_uv"
},
"elements": [ 
{
    "from": [ 0, 12, 0 ],
    "to": [ 16, 16, 16 ],
    "faces": {
        "down":  { "uv": [ 6.5, 10, 1.5, 9.5 ], "texture": "#texture" },
        "up":    { "uv": [ 8, 0, 16, 8 ], "texture": "#texture" },
        "north": { "uv": [ 0, 0, 8, 2 ], "texture": "#texture" },
        "south": { "uv": [ 0, 0, 8, 2 ], "texture": "#texture" },
        "west":  { "uv": [ 0, 0, 8, 2 ], "texture": "#texture" },
        "east":  { "uv": [ 0, 0, 8, 2 ], "texture": "#texture" }
    }
},
{
    "from": [ 0, 0, 0 ],
    "to": [ 4, 12, 4 ],
    "faces": {
        "down":  { "uv": [ 16, 10, 14, 8 ], "texture": "#texture" },
        "up":    { "uv": [ 0, 0, 4, 3 ], "texture": "#texture" },
        "north": { "uv": [ 6, 2, 8, 8 ], "texture": "#texture" },
        "south": { "uv": [ 1.5, 2, 2, 8 ], "texture": "#texture" },
        "west":  { "uv": [ 0, 2, 2, 8 ], "texture": "#texture" },
        "east":  { "uv": [ 6, 2, 6.5, 8 ], "texture": "#texture" }
    }
},
{
    "from": [ 12, 0, 0 ],
    "to": [ 16, 12, 4 ],
    "faces": {
        "down":  { "uv": [ 10, 10, 8, 8 ], "texture": "#texture" },
        "up":    { "uv": [ 12, 0, 16, 4 ], "texture": "#texture" },
        "north": { "uv": [ 0, 2, 2, 8 ], "texture": "#texture" },
        "south": { "uv": [ 6, 2, 6.5, 8 ], "texture": "#texture" },
        "west":  { "uv": [ 1.5, 2, 2, 8 ], "texture": "#texture" },
        "east":  { "uv": [ 6, 2, 8, 8 ], "texture": "#texture" }
    }
},
{
    "from": [ 4, 8, 0.5 ],
    "to": [ 12, 12, 4.5 ],
    "faces": {
        "down":  { "uv": [ 6, 2, 2, 4 ], "texture": "#texture" },
        "up":    { "uv": [ 4, 0.5, 12, 4.5 ], "texture": "#texture" },
        "north": { "uv": [ 2, 2, 6, 4 ], "texture": "#texture" },
        "south": { "uv": [ 4, 4, 12, 8 ], "texture": "#texture" },
        "west":  { "uv": [ 0.5, 4, 4.5, 8 ], "texture": "#texture" },
        "east":  { "uv": [ 11.5, 4, 15.5, 8 ], "texture": "#texture" }
    }
},
{
    "from": [ 4, 0, 1 ],
    "to": [ 12, 8, 2 ],
    "faces": {
        "down":  { "uv": [ 12, 2, 4, 1 ], "texture": "#texture" },
        "up":    { "uv": [ 4, 1, 12, 2 ], "texture": "#texture" },
        "north": { "uv": [ 2, 4, 6, 8 ], "texture": "#texture" },
        "south": { "uv": [ 4, 8, 12, 16 ], "texture": "#texture" },
        "west":  { "uv": [ 1, 8, 2, 16 ], "texture": "#texture" },
        "east":  { "uv": [ 14, 8, 15, 16 ], "texture": "#texture" }
    }
},
{
    "from": [ 0, -0.0625, 0 ],
    "to": [ 16, 0, 16 ],
    "faces": {
        "down":  { "uv": [ 16, 16, 8, 8 ], "texture": "#texture" },
        "up":    { "uv": [ 8, 8, 16, 16 ], "texture": "#texture" },
        "north": { "uv": [ 8, 15.5, 16, 16 ], "texture": "#texture" },
        "south": { "uv": [ 8, 15.5, 16, 16 ], "texture": "#texture" },
        "west":  { "uv": [ 8, 15.5, 16, 16 ], "texture": "#texture" },
        "east":  { "uv": [ 8, 15.5, 16, 16 ], "texture": "#texture" }
    }
},
{
    "from": [ 0, 0, 12 ],
    "to": [ 4, 12, 16 ],
    "faces": {
        "down":  { "uv": [ 16, 16, 14, 14 ], "texture": "#texture" },
        "up":    { "uv": [ 0, 12, 4, 16 ], "texture": "#texture" },
        "north": { "uv": [ 6, 2, 6.5, 8 ], "texture": "#texture" },
        "south": { "uv": [ 0, 2, 2, 8 ], "texture": "#texture" },
        "west":  { "uv": [ 6, 2, 8, 8 ], "texture": "#texture" },
        "east":  { "uv": [ 1.5, 2, 2, 8 ], "texture": "#texture" }
    }
},
{
    "from": [ 12, 0, 12 ],
    "to": [ 16, 12, 16 ],
    "faces": {
        "down":  { "uv": [ 10, 16, 8, 14 ], "texture": "#texture" },
        "up":    { "uv": [ 12, 12, 16, 16 ], "texture": "#texture" },
        "north": { "uv": [ 1.5, 2, 2, 8 ], "texture": "#texture" },
        "south": { "uv": [ 6, 2, 8, 8 ], "texture": "#texture" },
        "west":  { "uv": [ 6, 2, 6.5, 8 ], "texture": "#texture" },
        "east":  { "uv": [ 0, 2, 2, 8 ], "texture": "#texture" }
    }
},
{
    "from": [ 4, 0, 14.5 ],
    "to": [ 12, 12, 15.5 ],
    "faces": {
        "down":  { "uv": [ 12, 15.5, 4, 14.5 ], "texture": "#texture" },
        "up":    { "uv": [ 4, 14.5, 12, 15.5 ], "texture": "#texture" },
        "north": { "uv": [ 4, 4, 12, 16 ], "texture": "#texture" },
        "south": { "uv": [ 2, 10, 6, 16 ], "texture": "#texture" },
        "west":  { "uv": [ 14.5, 4, 15.5, 16 ], "texture": "#texture" },
        "east":  { "uv": [ 0.5, 4, 1.5, 16 ], "texture": "#texture" }
    }
},
{
    "from": [ 0.5, 0, 4 ],
    "to": [ 1.5, 12, 12 ],
    "faces": {
        "down":  { "uv": [ 15.5, 12, 14.5, 4 ], "texture": "#texture" },
        "up":    { "uv": [ 0.5, 4, 1.5, 12 ], "texture": "#texture" },
        "north": { "uv": [ 14.5, 0, 15.5, 1 ], "texture": "#texture" },
        "south": { "uv": [ 0.5, 0, 1.5, 1 ], "texture": "#texture" },
        "west":  { "uv": [ 2, 10, 6, 16 ], "texture": "#texture" },
        "east":  { "uv": [ 2, 10, 6, 16 ], "texture": "#texture" }
    }
},
{
    "from": [ 14.5, 0, 4 ],
    "to": [ 15.5, 12, 12 ],
    "faces": {
        "down":  { "uv": [ 15.5, 12, 14.5, 4 ], "texture": "#texture" },
        "up":    { "uv": [ 0.5, 4, 1.5, 12 ], "texture": "#texture" },
        "north": { "uv": [ 14.5, 0, 15.5, 1 ], "texture": "#texture" },
        "south": { "uv": [ 0.5, 0, 1.5, 1 ], "texture": "#texture" },
        "west":  { "uv": [ 2, 10, 6, 16 ], "texture": "#texture" },
        "east":  { "uv": [ 2, 10, 6, 16 ], "texture": "#texture" }
    }
}
],
"display": {
    "thirdperson_righthand": {
        "rotation": [ 75, 45, 0 ],
        "translation": [ 0, 2.5, 0 ],
        "scale": [ 0.375, 0.375, 0.375 ]
    },
    "thirdperson_lefthand": {
        "rotation": [ 75, 45, 0 ],
        "translation": [ 0, 2.5, 0 ],
        "scale": [ 0.375, 0.375, 0.375 ]
    },
    "head": {
        "rotation": [ 0, 0, 0 ],
        "translation": [ 0, 0, 0 ],
        "scale": [ 1, 1, 1 ]
    },
    "ground": {
        "rotation": [ 0, 0, 0 ],
        "translation": [ 0, 3, 0 ],
        "scale": [ 0.25, 0.25, 0.25 ]
    },
    "fixed": {
        "rotation": [ 0, 0, 0 ],
        "translation": [ 0, 0, 0 ],
        "scale": [ 0.5, 0.5, 0.5 ]
    },
    "firstperson_righthand": {
        "rotation": [ 0, 45, 0 ],
        "translation": [ 0, 0, 0 ],
        "scale": [ 0.4, 0.4, 0.4 ]
    },
    "firstperson_lefthand": {
        "rotation": [ 0, 225, 0 ],
        "translation": [ 0, 0, 0 ],
        "scale": [ 0.4, 0.4, 0.4 ]
    },
    "gui": {
        "rotation": [ 30, 225, 0 ],
        "translation": [ 0, 0, 0 ],
        "scale": [ 0.625, 0.625, 0.625 ]
    }
}
}