{
"__comment": "Designed by Irishpixel with BDcraft Cubik PRO 0.96 Beta - http://bdcraft.net",
"textures": {
    "particle": "blocks/hay_block_side",
    "Sides": "blocks/adv/hay/hay_block_uv"
},
"elements": [ 
{
    "from": [ 0, 0, 0 ],
    "to": [ 16, 16, 16 ],
    "faces": {
        "down":  { "uv": [ 16, 16, 8, 8 ], "texture": "#Sides" },
        "up":    { "uv": [ 8, 8, 16, 16 ], "texture": "#Sides" },
        "north": { "uv": [ 0, 8, 8, 16 ], "texture": "#Sides" },
        "south": { "uv": [ 0, 8, 8, 16 ], "texture": "#Sides" },
        "west":  { "uv": [ 0, 8, 8, 16 ], "texture": "#Sides" },
        "east":  { "uv": [ 0, 8, 8, 16 ], "texture": "#Sides" }
    }
},
{
    "from": [ -0.5, 11, -0.5 ],
    "to": [ 16.5, 13, 16.5 ],
    "faces": {
        "down":  { "uv": [ 16, 8, 8, 0 ], "texture": "#Sides" },
        "up":    { "uv": [ 0, 0, 8, 8 ], "texture": "#Sides" },
        "north": { "uv": [ 0, 9.5, 8, 10.5 ], "texture": "#Sides" },
        "south": { "uv": [ 0, 9.5, 8, 10.5 ], "texture": "#Sides" },
        "west":  { "uv": [ 0, 9.5, 8, 10.5 ], "texture": "#Sides" },
        "east":  { "uv": [ 0, 9.5, 8, 10.5 ], "texture": "#Sides" }
    }
},
{
    "from": [ -0.5, 3, -0.5 ],
    "to": [ 16.5, 5, 16.5 ],
    "faces": {
        "down":  { "uv": [ 16, 8, 8, 0 ], "texture": "#Sides" },
        "up":    { "uv": [ 0, 0, 8, 8 ], "texture": "#Sides" },
        "north": { "uv": [ 0, 9.5, 8, 10.5 ], "texture": "#Sides" },
        "south": { "uv": [ 0, 9.5, 8, 10.5 ], "texture": "#Sides" },
        "west":  { "uv": [ 0, 9.5, 8, 10.5 ], "texture": "#Sides" },
        "east":  { "uv": [ 0, 9.5, 8, 10.5 ], "texture": "#Sides" }
    }
}
],
"display": {
    "thirdperson_righthand": {
        "rotation": [ 75, 45, 0 ],
        "translation": [ 0, 2.5, 0 ],
        "scale": [ 0.375, 0.375, 0.375 ]
    },
    "thirdperson_lefthand": {
        "rotation": [ 75, 45, 0 ],
        "translation": [ 0, 2.5, 0 ],
        "scale": [ 0.375, 0.375, 0.375 ]
    },
    "head": {
        "rotation": [ 0, 0, 0 ],
        "translation": [ 0, 0, 0 ],
        "scale": [ 1, 1, 1 ]
    },
    "ground": {
        "rotation": [ 0, 0, 0 ],
        "translation": [ 0, 3, 0 ],
        "scale": [ 0.25, 0.25, 0.25 ]
    },
    "fixed": {
        "rotation": [ 0, 0, 0 ],
        "translation": [ 0, 0, 0 ],
        "scale": [ 0.5, 0.5, 0.5 ]
    },
    "firstperson_righthand": {
        "rotation": [ 0, 45, 0 ],
        "translation": [ 0, 0, 0 ],
        "scale": [ 0.4, 0.4, 0.4 ]
    },
    "firstperson_lefthand": {
        "rotation": [ 0, 225, 0 ],
        "translation": [ 0, 0, 0 ],
        "scale": [ 0.4, 0.4, 0.4 ]
    },
    "gui": {
        "rotation": [ 30, 225, 0 ],
        "translation": [ 0, 0, 0 ],
        "scale": [ 0.625, 0.625, 0.625 ]
    }
}
}