{
"textures": {
    "particle": "blocks/adv/hopper/hopper",
    "hopper": "blocks/adv/hopper/hopper"
},
"elements": [ 
{
    "from": [ 0, 10, 0 ],
    "to": [ 16, 11, 16 ],
    "faces": {
        "down":  { "uv": [ 8, 16, 0, 8 ], "texture": "#hopper" },
        "up":    { "uv": [ 0, 0, 8, 8 ], "texture": "#hopper" },
        "north": { "uv": [ 8, 3, 16, 3.5 ], "texture": "#hopper" },
        "south": { "uv": [ 8, 3, 16, 3.5 ], "texture": "#hopper" },
        "west":  { "uv": [ 8, 3, 16, 3.5 ], "texture": "#hopper" },
        "east":  { "uv": [ 8, 3, 16, 3.5 ], "texture": "#hopper" }
    }
},
{
    "from": [ 0, 11, 0 ],
    "to": [ 3, 16, 16 ],
    "faces": {
        "down":  { "uv": [ 16, 16, 13, 0 ], "texture": "#hopper" },
        "up":    { "uv": [ 0, 0, 1.5, 8 ], "texture": "#hopper" },
        "north": { "uv": [ 14.5, 0, 16, 3 ], "texture": "#hopper" },
        "south": { "uv": [ 8, 0, 9.5, 3 ], "texture": "#hopper" },
        "west":  { "uv": [ 8, 0, 16, 3 ], "texture": "#hopper" },
        "east":  { "uv": [ 8, 0, 16, 3 ], "texture": "#hopper" }
    }
},
{
    "from": [ 13, 11, 0 ],
    "to": [ 16, 16, 16 ],
    "faces": {
        "down":  { "uv": [ 3, 16, 0, 0 ], "texture": "#hopper" },
        "up":    { "uv": [ 6.5, 0, 8, 8 ], "texture": "#hopper" },
        "north": { "uv": [ 8, 0, 10, 3 ], "texture": "#hopper" },
        "south": { "uv": [ 14.5, 0, 16, 3 ], "texture": "#hopper" },
        "west":  { "uv": [ 8, 0, 16, 3 ], "texture": "#hopper" },
        "east":  { "uv": [ 8, 0, 16, 3 ], "texture": "#hopper" }
    }
},
{
    "from": [ 3, 11, 13 ],
    "to": [ 13, 16, 16 ],
    "faces": {
        "down":  { "uv": [ 13, 16, 3, 13 ], "texture": "#hopper" },
        "up":    { "uv": [ 1.5, 6.5, 6.5, 8 ], "texture": "#hopper" },
        "north": { "uv": [ 9.5, 0, 14.5, 3 ], "texture": "#hopper" },
        "south": { "uv": [ 9.5, 0, 14.5, 3 ], "texture": "#hopper" },
        "west":  { "uv": [ 13, 0, 16, 5 ], "texture": "#hopper" },
        "east":  { "uv": [ 0, 0, 3, 5 ], "texture": "#hopper" }
    }
},
{
    "from": [ 4, 4, 4 ],
    "to": [ 12, 10, 12 ],
    "faces": {
        "down":  { "uv": [ 6, 14, 2, 10 ], "texture": "#hopper" },
        "up":    { "uv": [ 7.5, 11, 12, 15.5 ], "texture": "#hopper" },
        "north": { "uv": [ 10, 3.5, 14, 6 ], "texture": "#hopper" },
        "south": { "uv": [ 10, 3.5, 14, 6 ], "texture": "#hopper" },
        "west":  { "uv": [ 10, 3.5, 14, 6 ], "texture": "#hopper" },
        "east":  { "uv": [ 10, 3.5, 14, 6 ], "texture": "#hopper" }
    }
},
{
    "from": [ 6, 5, 0 ],
    "to": [ 10, 9, 4 ],
    "faces": {
        "down":  { "uv": [ 13, 6, 11, 8 ], "texture": "#hopper" },
        "up":    { "uv": [ 11, 8, 13, 6 ], "texture": "#hopper" },
        "north": { "uv": [ 3, 11, 5, 13 ], "texture": "#hopper" },
        "south": { "uv": [ 3, 11, 5, 13 ], "texture": "#hopper" },
        "west":  { "uv": [ 13, 6, 11, 8 ], "rotation": 90, "texture": "#hopper" },
        "east":  { "uv": [ 13, 8, 11, 6 ], "rotation": 90, "texture": "#hopper" }
    }
},
{
    "from": [ 3, 11, 0 ],
    "to": [ 13, 16, 3 ],
    "faces": {
        "down":  { "uv": [ 13, 16, 3, 13 ], "texture": "#hopper" },
        "up":    { "uv": [ 1.5, 6.5, 6.5, 8 ], "texture": "#hopper" },
        "north": { "uv": [ 9.5, 0, 14.5, 3 ], "texture": "#hopper" },
        "south": { "uv": [ 9.5, 0, 14.5, 3 ], "texture": "#hopper" },
        "west":  { "uv": [ 13, 0, 16, 5 ], "texture": "#hopper" },
        "east":  { "uv": [ 0, 0, 3, 5 ], "texture": "#hopper" }
    }
}
]
}