{
"__comment": "Designed by %Irish",
"textures": {
    "particle": "blocks/adv/item_frame/item_frame",
    "texture": "blocks/adv/item_frame/item_frame"
},
"elements": [ 
{
    "from": [ 2, 13, 15 ],
    "to": [ 14, 14, 16 ],
    "faces": {
        "down":  { "uv": [ 2, 5, 14, 4 ], "texture": "#texture" },
        "up":    { "uv": [ 2, 4, 14, 5 ], "texture": "#texture" },
        "north": { "uv": [ 14, 4, 2, 5 ], "texture": "#texture" },
        "south": { "uv": [ 2, 4, 14, 5 ], "texture": "#texture" },
        "west":  { "uv": [ 2, 4, 3, 5 ], "texture": "#texture" },
        "east":  { "uv": [ 13, 4, 14, 5 ], "texture": "#texture" }
    }
},
{
    "from": [ 2, 2, 15 ],
    "to": [ 14, 3, 16 ],
    "faces": {
        "down":  { "uv": [ 2, 16, 14, 15 ], "texture": "#texture" },
        "up":    { "uv": [ 2, 15, 14, 16 ], "texture": "#texture" },
        "north": { "uv": [ 14, 15, 2, 16 ], "texture": "#texture" },
        "south": { "uv": [ 2, 15, 14, 16 ], "texture": "#texture" },
        "west":  { "uv": [ 2, 15, 3, 16 ], "texture": "#texture" },
        "east":  { "uv": [ 13, 15, 14, 16 ], "texture": "#texture" }
    }
},
{
    "from": [ 2, 3, 15 ],
    "to": [ 3, 13, 16 ],
    "faces": {
        "down":  { "uv": [ 3, 15, 2, 14 ], "texture": "#texture" },
        "up":    { "uv": [ 2, 5, 3, 6 ], "texture": "#texture" },
        "north": { "uv": [ 2, 5, 3, 15 ], "texture": "#texture" },
        "south": { "uv": [ 2, 4.5, 3, 14.5 ], "texture": "#texture" },
        "west":  { "uv": [ 2, 5, 3, 15 ], "texture": "#texture" },
        "east":  { "uv": [ 2, 5, 3, 15 ], "texture": "#texture" }
    }
},
{
    "from": [ 13, 3, 15 ],
    "to": [ 14, 13, 16 ],
    "faces": {
        "down":  { "uv": [ 14, 15, 13, 14 ], "texture": "#texture" },
        "up":    { "uv": [ 13, 5, 14, 6 ], "texture": "#texture" },
        "north": { "uv": [ 13, 5, 14, 15 ], "texture": "#texture" },
        "south": { "uv": [ 13, 5, 14, 15 ], "texture": "#texture" },
        "west":  { "uv": [ 13, 5, 14, 15 ], "texture": "#texture" },
        "east":  { "uv": [ 13, 5, 14, 15 ], "texture": "#texture" }
    }
},
{
    "from": [ 3, 3, 15.5 ],
    "to": [ 13, 13, 16 ],
    "faces": {
        "down":  { "uv": [ 13, 5.5, 3, 5 ], "texture": "#texture" },
        "up":    { "uv": [ 3, 5, 13, 5.5 ], "texture": "#texture" },
        "north": { "uv": [ 3, 5, 13, 15 ], "texture": "#texture" },
        "south": { "uv": [ 3, 5, 13, 15 ], "texture": "#texture" },
        "west":  { "uv": [ 3, 5, 3.5, 15 ], "texture": "#texture" },
        "east":  { "uv": [ 12.5, 5, 13, 15 ], "texture": "#texture" }
    }
}
]
}