{
"__comment": "Designed by Irishpixel with BDcraft Cubik PRO 0.96 Beta - http://bdcraft.net",
"textures": {
    "particle": "blocks/ladder",
    "texture": "blocks/adv/ladder/ladder"
},
"elements": [ 
{
    "from": [ 12, 15, 15 ],
    "to": [ 14, 16, 16 ],
    "faces": {
        "up":    { "uv": [ 12, 0, 14, 1 ], "texture": "#texture" },
        "north": { "uv": [ 12, 0, 14, 1 ], "texture": "#texture" },
        "south": { "uv": [ 12, 0, 14, 1 ], "texture": "#texture" },
        "west":  { "uv": [ 13, 0, 14, 1 ], "texture": "#texture" },
        "east":  { "uv": [ 12, 0, 13, 1 ], "texture": "#texture" }
    }
},
{
    "from": [ 4, 13, 14.5 ],
    "to": [ 12, 15, 15.5 ],
    "faces": {
        "down":  { "uv": [ 12, 3, 4, 2 ], "texture": "#texture" },
        "up":    { "uv": [ 4, 1, 12, 2 ], "texture": "#texture" },
        "north": { "uv": [ 4, 1, 12, 3 ], "texture": "#texture" },
        "south": { "uv": [ 4, 1, 12, 3 ], "texture": "#texture" }
    }
},
{
    "from": [ 4, 9, 14.5 ],
    "to": [ 12, 11, 15.5 ],
    "faces": {
        "down":  { "uv": [ 12, 3, 4, 2 ], "texture": "#texture" },
        "up":    { "uv": [ 4, 1, 12, 2 ], "texture": "#texture" },
        "north": { "uv": [ 4, 1, 12, 3 ], "texture": "#texture" },
        "south": { "uv": [ 4, 1, 12, 3 ], "texture": "#texture" }
    }
},
{
    "from": [ 4, 5, 14.5 ],
    "to": [ 12, 7, 15.5 ],
    "faces": {
        "down":  { "uv": [ 12, 3, 4, 2 ], "texture": "#texture" },
        "up":    { "uv": [ 4, 1, 12, 2 ], "texture": "#texture" },
        "north": { "uv": [ 4, 1, 12, 3 ], "texture": "#texture" },
        "south": { "uv": [ 4, 1, 12, 3 ], "texture": "#texture" }
    }
},
{
    "from": [ 4, 1, 14.5 ],
    "to": [ 12, 3, 15.5 ],
    "faces": {
        "down":  { "uv": [ 12, 3, 4, 2 ], "texture": "#texture" },
        "up":    { "uv": [ 4, 1, 12, 2 ], "texture": "#texture" },
        "north": { "uv": [ 4, 1, 12, 3 ], "texture": "#texture" },
        "south": { "uv": [ 4, 1, 12, 3 ], "texture": "#texture" }
    }
},
{
    "from": [ 12, 9, 14 ],
    "to": [ 14, 11, 16 ],
    "faces": {
        "down":  { "uv": [ 2, 2, 0, 0 ], "texture": "#texture" },
        "up":    { "uv": [ 2, 1, 4, 2 ], "texture": "#texture" },
        "north": { "uv": [ 12, 1, 14, 3 ], "texture": "#texture" },
        "south": { "uv": [ 12, 1, 14, 3 ], "texture": "#texture" },
        "west":  { "uv": [ 14, 1, 12, 3 ], "texture": "#texture" },
        "east":  { "uv": [ 14, 1, 12, 3 ], "texture": "#texture" }
    }
},
{
    "from": [ 12, 5, 14 ],
    "to": [ 14, 7, 16 ],
    "faces": {
        "down":  { "uv": [ 2, 2, 0, 0 ], "texture": "#texture" },
        "up":    { "uv": [ 2, 1, 4, 2 ], "texture": "#texture" },
        "north": { "uv": [ 12, 1, 14, 3 ], "texture": "#texture" },
        "south": { "uv": [ 12, 1, 14, 3 ], "texture": "#texture" },
        "west":  { "uv": [ 14, 1, 12, 3 ], "texture": "#texture" },
        "east":  { "uv": [ 14, 1, 12, 3 ], "texture": "#texture" }
    }
},
{
    "from": [ 12, 1, 14 ],
    "to": [ 14, 3, 16 ],
    "faces": {
        "down":  { "uv": [ 2, 2, 0, 0 ], "texture": "#texture" },
        "up":    { "uv": [ 2, 1, 4, 2 ], "texture": "#texture" },
        "north": { "uv": [ 12, 1, 14, 3 ], "texture": "#texture" },
        "south": { "uv": [ 12, 1, 14, 3 ], "texture": "#texture" },
        "west":  { "uv": [ 14, 1, 12, 3 ], "texture": "#texture" },
        "east":  { "uv": [ 14, 1, 12, 3 ], "texture": "#texture" }
    }
},
{
    "from": [ 2, 1, 14 ],
    "to": [ 4, 3, 16 ],
    "faces": {
        "down":  { "uv": [ 2, 2, 0, 0 ], "texture": "#texture" },
        "up":    { "uv": [ 2, 1, 4, 2 ], "texture": "#texture" },
        "north": { "uv": [ 12, 1, 14, 3 ], "texture": "#texture" },
        "south": { "uv": [ 12, 1, 14, 3 ], "texture": "#texture" },
        "west":  { "uv": [ 14, 1, 12, 3 ], "texture": "#texture" },
        "east":  { "uv": [ 14, 1, 12, 3 ], "texture": "#texture" }
    }
},
{
    "from": [ 2, 5, 14 ],
    "to": [ 4, 7, 16 ],
    "faces": {
        "down":  { "uv": [ 2, 2, 0, 0 ], "texture": "#texture" },
        "up":    { "uv": [ 2, 1, 4, 2 ], "texture": "#texture" },
        "north": { "uv": [ 12, 1, 14, 3 ], "texture": "#texture" },
        "south": { "uv": [ 12, 1, 14, 3 ], "texture": "#texture" },
        "west":  { "uv": [ 14, 1, 12, 3 ], "texture": "#texture" },
        "east":  { "uv": [ 14, 1, 12, 3 ], "texture": "#texture" }
    }
},
{
    "from": [ 2, 9, 14 ],
    "to": [ 4, 11, 16 ],
    "faces": {
        "down":  { "uv": [ 2, 2, 0, 0 ], "texture": "#texture" },
        "up":    { "uv": [ 2, 1, 4, 2 ], "texture": "#texture" },
        "north": { "uv": [ 12, 1, 14, 3 ], "texture": "#texture" },
        "south": { "uv": [ 12, 1, 14, 3 ], "texture": "#texture" },
        "west":  { "uv": [ 14, 1, 12, 3 ], "texture": "#texture" },
        "east":  { "uv": [ 14, 1, 12, 3 ], "texture": "#texture" }
    }
},
{
    "from": [ 2, 13, 14 ],
    "to": [ 4, 15, 16 ],
    "faces": {
        "down":  { "uv": [ 2, 2, 0, 0 ], "texture": "#texture" },
        "up":    { "uv": [ 2, 1, 4, 2 ], "texture": "#texture" },
        "north": { "uv": [ 12, 1, 14, 3 ], "texture": "#texture" },
        "south": { "uv": [ 12, 1, 14, 3 ], "texture": "#texture" },
        "west":  { "uv": [ 14, 1, 12, 3 ], "texture": "#texture" },
        "east":  { "uv": [ 14, 1, 12, 3 ], "texture": "#texture" }
    }
},
{
    "from": [ 12, 13, 14 ],
    "to": [ 14, 15, 16 ],
    "faces": {
        "down":  { "uv": [ 2, 2, 0, 0 ], "texture": "#texture" },
        "up":    { "uv": [ 2, 1, 4, 2 ], "texture": "#texture" },
        "north": { "uv": [ 12, 1, 14, 3 ], "texture": "#texture" },
        "south": { "uv": [ 12, 1, 14, 3 ], "texture": "#texture" },
        "west":  { "uv": [ 14, 1, 12, 3 ], "texture": "#texture" },
        "east":  { "uv": [ 14, 1, 12, 3 ], "texture": "#texture" }
    }
},
{
    "from": [ 2, 15, 15 ],
    "to": [ 4, 16, 16 ],
    "faces": {
        "up":    { "uv": [ 2, 0, 4, 1 ], "texture": "#texture" },
        "north": { "uv": [ 2, 0, 4, 1 ], "texture": "#texture" },
        "south": { "uv": [ 2, 0, 4, 1 ], "texture": "#texture" },
        "west":  { "uv": [ 3, 0, 4, 1 ], "texture": "#texture" },
        "east":  { "uv": [ 2, 0, 3, 1 ], "texture": "#texture" }
    }
},
{
    "from": [ 2, 11, 15 ],
    "to": [ 4, 13, 16 ],
    "faces": {
        "north": { "uv": [ 2, 3, 4, 5 ], "texture": "#texture" },
        "south": { "uv": [ 2, 3, 4, 5 ], "texture": "#texture" },
        "west":  { "uv": [ 3, 3, 4, 5 ], "texture": "#texture" },
        "east":  { "uv": [ 2, 3, 3, 5 ], "texture": "#texture" }
    }
},
{
    "from": [ 12, 11, 15 ],
    "to": [ 14, 13, 16 ],
    "faces": {
        "north": { "uv": [ 2, 3, 4, 5 ], "texture": "#texture" },
        "south": { "uv": [ 2, 3, 4, 5 ], "texture": "#texture" },
        "west":  { "uv": [ 3, 3, 4, 5 ], "texture": "#texture" },
        "east":  { "uv": [ 2, 3, 3, 5 ], "texture": "#texture" }
    }
},
{
    "from": [ 12, 7, 15 ],
    "to": [ 14, 9, 16 ],
    "faces": {
        "north": { "uv": [ 2, 3, 4, 5 ], "texture": "#texture" },
        "south": { "uv": [ 2, 3, 4, 5 ], "texture": "#texture" },
        "west":  { "uv": [ 3, 3, 4, 5 ], "texture": "#texture" },
        "east":  { "uv": [ 2, 3, 3, 5 ], "texture": "#texture" }
    }
},
{
    "from": [ 12, 3, 15 ],
    "to": [ 14, 5, 16 ],
    "faces": {
        "north": { "uv": [ 2, 3, 4, 5 ], "texture": "#texture" },
        "south": { "uv": [ 2, 3, 4, 5 ], "texture": "#texture" },
        "west":  { "uv": [ 3, 3, 4, 5 ], "texture": "#texture" },
        "east":  { "uv": [ 2, 3, 3, 5 ], "texture": "#texture" }
    }
},
{
    "from": [ 2, 3, 15 ],
    "to": [ 4, 5, 16 ],
    "faces": {
        "north": { "uv": [ 2, 3, 4, 5 ], "texture": "#texture" },
        "south": { "uv": [ 2, 3, 4, 5 ], "texture": "#texture" },
        "west":  { "uv": [ 3, 3, 4, 5 ], "texture": "#texture" },
        "east":  { "uv": [ 2, 3, 3, 5 ], "texture": "#texture" }
    }
},
{
    "from": [ 2, 7, 15 ],
    "to": [ 4, 9, 16 ],
    "faces": {
        "north": { "uv": [ 2, 3, 4, 5 ], "texture": "#texture" },
        "south": { "uv": [ 2, 3, 4, 5 ], "texture": "#texture" },
        "west":  { "uv": [ 3, 3, 4, 5 ], "texture": "#texture" },
        "east":  { "uv": [ 2, 3, 3, 5 ], "texture": "#texture" }
    }
},
{
    "from": [ 12, 0, 15 ],
    "to": [ 14, 1, 16 ],
    "faces": {
        "down":  { "uv": [ 14, 16, 12, 15 ], "texture": "#texture" },
        "north": { "uv": [ 12, 15, 14, 16 ], "texture": "#texture" },
        "south": { "uv": [ 12, 15, 14, 16 ], "texture": "#texture" },
        "west":  { "uv": [ 13, 15, 14, 16 ], "texture": "#texture" },
        "east":  { "uv": [ 12, 15, 13, 16 ], "texture": "#texture" }
    }
},
{
    "from": [ 2, 0, 15 ],
    "to": [ 4, 1, 16 ],
    "faces": {
        "down":  { "uv": [ 14, 16, 12, 15 ], "texture": "#texture" },
        "north": { "uv": [ 12, 15, 14, 16 ], "texture": "#texture" },
        "south": { "uv": [ 12, 15, 14, 16 ], "texture": "#texture" },
        "west":  { "uv": [ 13, 15, 14, 16 ], "texture": "#texture" },
        "east":  { "uv": [ 12, 15, 13, 16 ], "texture": "#texture" }
    }
}
]
}