{
"textures": {
    "particle": "blocks/cobblestone",
    "base": "blocks/adv/lever/base",
    "lever": "blocks/lever"
},
"elements": [ 
{
    "from": [ 5, 0, 4 ],
    "to": [ 11, 3, 12 ],
    "faces": {
        "down":  { "uv": [ 5, 4, 11, 12 ], "texture": "#base" },
        "up":    { "uv": [ 5, 4, 11, 12 ], "texture": "#base" },
        "north": { "uv": [ 5, 4, 11, 1 ], "texture": "#base" },
        "south": { "uv": [ 5, 12, 11, 15 ], "texture": "#base" },
        "west":  { "uv": [ 5, 4, 2, 12 ], "rotation": 90, "texture": "#base" },
        "east":  { "uv": [ 11, 4, 14, 12 ], "rotation": 90, "texture": "#base" }
    }
},
{
    "from": [ 7, -1, 14 ],
    "to": [ 9, 9, 16 ],
    "rotation": { "origin": [ 7, 9, 14 ], "axis": "x", "angle": 45 },
    "faces": {
        "down":  { "uv": [ 7, 6, 9, 8 ], "texture": "#lever" },
        "up":    { "uv": [ 3, 2, 5, 4 ], "texture": "#base" },
        "north": { "uv": [ 7, 6, 9, 16 ], "texture": "#lever" },
        "south": { "uv": [ 7, 6, 9, 16 ], "texture": "#lever" },
        "west":  { "uv": [ 7, 6, 9, 16 ], "texture": "#lever" },
        "east":  { "uv": [ 7, 6, 9, 16 ], "texture": "#lever" }
    }
}
],
"display": {
    "thirdperson_righthand": {
        "rotation": [ 0, 0, 90 ],
        "translation": [ -3.6, 0.5, 0.19 ],
        "scale": [ 0.5, 0.5, 0.5 ]
    },
    "thirdperson_lefthand": {
        "rotation": [ 0, 0, 90 ],
        "translation": [ -3.6, 0.5, 0.19 ],
        "scale": [ 0.5, 0.5, 0.5 ]
    },
    "head": {
        "rotation": [ 90, 0, 0 ],
        "translation": [ 0, -2, -3.5 ],
        "scale": [ 0.5, 0.5, 0.5 ]
    },
    "ground": {
        "rotation": [ 90, 0, 0 ],
        "translation": [ 0, 6.99, 0 ],
        "scale": [ 0.5, 0.5, 0.5 ]
    },
    "fixed": {
        "rotation": [ 90, 0, 0 ],
        "translation": [ 0, 0, 9.45 ],
        "scale": [ 1.5, 1.5, 1.5 ]
    },
    "firstperson_righthand": {
        "rotation": [ 90, 0, 60 ],
        "translation": [ -4.35, -0.94, -3.21 ],
        "scale": [ 1.5, 1.5, 1.5 ]
    },
    "firstperson_lefthand": {
        "rotation": [ 90, 0, 60 ],
        "translation": [ -4.35, -0.94, -3.21 ],
        "scale": [ 1.5, 1.5, 1.5 ]
    },
    "gui": {
        "rotation": [ 90, 0, 0 ],
        "translation": [ 0, 0, 0 ],
        "scale": [ 1, 1, 1 ]
    }
}
}