{
"textures": {
    "particle": "blocks/pumpkin_side",
    "texture": "blocks/adv/pumpkin/jacko"
},
"elements": [ 
{
    "from": [ 0, 0, 1 ],
    "to": [ 16, 16, 16 ],
    "faces": {
        "down":  { "uv": [ 16, 8, 8, 0.5 ], "texture": "#texture" },
        "up":    { "uv": [ 8, 8.5, 16, 16 ], "texture": "#texture" },
        "north": { "uv": [ 0, 0, 8, 8 ], "texture": "#texture" },
        "south": { "uv": [ 0, 8, 8, 16 ], "texture": "#texture" },
        "west":  { "uv": [ 0.5, 8, 8, 16 ], "texture": "#texture" },
        "east":  { "uv": [ 0, 8, 7.5, 16 ], "texture": "#texture" }
    }
},
{
    "from": [ 0, 13, 0 ],
    "to": [ 16, 16, 1 ],
    "faces": {
        "down":  { "uv": [ 8, 1.5, 0, 1 ], "texture": "#texture" },
        "up":    { "uv": [ 0, 0, 8, 0.5 ], "texture": "#texture" },
        "north": { "uv": [ 0, 0, 8, 1.5 ], "texture": "#texture" },
        "south": { "uv": [ 0, 0, 16, 3 ], "texture": "#texture" },
        "west":  { "uv": [ 0, 8, 0.5, 9.5 ], "texture": "#texture" },
        "east":  { "uv": [ 7.5, 8, 8, 9.5 ], "texture": "#texture" }
    }
},
{
    "from": [ 0, 0, 0 ],
    "to": [ 16, 2, 1 ],
    "faces": {
        "down":  { "uv": [ 16, 8, 8, 7.5 ], "texture": "#texture" },
        "up":    { "uv": [ 0, 7, 8, 7.5 ], "texture": "#texture" },
        "north": { "uv": [ 0, 7, 8, 8 ], "texture": "#texture" },
        "south": { "uv": [ 0, 14, 16, 16 ], "texture": "#texture" },
        "west":  { "uv": [ 7.5, 15, 8, 16 ], "texture": "#texture" },
        "east":  { "uv": [ 0, 15, 0.5, 16 ], "texture": "#texture" }
    }
},
{
    "from": [ 0, 2, 0 ],
    "to": [ 2, 13, 1 ],
    "faces": {
        "down":  { "uv": [ 16, 1, 14, 0 ], "texture": "#texture" },
        "up":    { "uv": [ 0, 0, 2, 1 ], "texture": "#texture" },
        "north": { "uv": [ 7, 1.5, 8, 7 ], "texture": "#texture" },
        "south": { "uv": [ 0, 3, 2, 14 ], "texture": "#texture" },
        "west":  { "uv": [ 7.5, 1.5, 8, 7 ], "texture": "#texture" },
        "east":  { "uv": [ 7, 1.5, 7.5, 7 ], "texture": "#texture" }
    }
},
{
    "from": [ 14, 2, 0 ],
    "to": [ 16, 13, 1 ],
    "faces": {
        "down":  { "uv": [ 2, 1, 0, 0 ], "texture": "#texture" },
        "up":    { "uv": [ 14, 0, 16, 1 ], "texture": "#texture" },
        "north": { "uv": [ 0, 1.5, 1, 7 ], "texture": "#texture" },
        "south": { "uv": [ 14, 3, 16, 14 ], "texture": "#texture" },
        "west":  { "uv": [ 0.5, 1.5, 1, 7 ], "texture": "#texture" },
        "east":  { "uv": [ 0, 1.5, 0.5, 7 ], "texture": "#texture" }
    }
},
{
    "from": [ 2, 7, 0 ],
    "to": [ 7, 9, 1 ],
    "faces": {
        "down":  { "uv": [ 7, 4.5, 4.5, 4 ], "texture": "#texture" },
        "up":    { "uv": [ 7, 3.5, 4.5, 4 ], "texture": "#texture" },
        "north": { "uv": [ 4.5, 3.5, 7, 4.5 ], "texture": "#texture" },
        "south": { "uv": [ 2, 7, 7, 9 ], "texture": "#texture" },
        "west":  { "uv": [ 3, 3.5, 3.5, 4.5 ], "texture": "#texture" },
        "east":  { "uv": [ 3, 3.5, 3.5, 4.5 ], "texture": "#texture" }
    }
},
{
    "from": [ 9, 7, 0 ],
    "to": [ 14, 9, 1 ],
    "faces": {
        "down":  { "uv": [ 3.5, 4.5, 1, 4 ], "texture": "#texture" },
        "up":    { "uv": [ 3.5, 3.5, 1, 4 ], "texture": "#texture" },
        "north": { "uv": [ 1, 3.5, 3.5, 4.5 ], "texture": "#texture" },
        "south": { "uv": [ 9, 7, 14, 9 ], "texture": "#texture" },
        "west":  { "uv": [ 3, 3.5, 3.5, 4.5 ], "texture": "#texture" },
        "east":  { "uv": [ 4.5, 3.5, 5, 4.5 ], "texture": "#texture" }
    }
},
{
    "from": [ 4, 5, 0 ],
    "to": [ 6, 7, 1 ],
    "faces": {
        "down":  { "uv": [ 6, 5.5, 5, 5 ], "texture": "#texture" },
        "up":    { "uv": [ 3.5, 2.5, 5.5, 3.5 ], "texture": "#texture" },
        "north": { "uv": [ 5, 4.5, 6, 5.5 ], "texture": "#texture" },
        "south": { "uv": [ 4, 9, 6, 11 ], "texture": "#texture" },
        "west":  { "uv": [ 5.5, 4.5, 6, 5.5 ], "texture": "#texture" },
        "east":  { "uv": [ 5, 4.5, 5.5, 5.5 ], "texture": "#texture" }
    }
},
{
    "from": [ 10, 5, 0 ],
    "to": [ 12, 7, 1 ],
    "faces": {
        "down":  { "uv": [ 6, 5.5, 5, 5 ], "texture": "#texture" },
        "up":    { "uv": [ 3.5, 2.5, 5.5, 3.5 ], "texture": "#texture" },
        "north": { "uv": [ 5, 4.5, 6, 5.5 ], "texture": "#texture" },
        "south": { "uv": [ 4, 9, 6, 11 ], "texture": "#texture" },
        "west":  { "uv": [ 5.5, 4.5, 6, 5.5 ], "texture": "#texture" },
        "east":  { "uv": [ 5, 4.5, 5.5, 5.5 ], "texture": "#texture" }
    }
},
{
    "from": [ 7, 7, 0 ],
    "to": [ 9, 8, 1 ],
    "faces": {
        "down":  { "uv": [ 4.5, 4.5, 3.5, 4 ], "texture": "#texture" },
        "up":    { "uv": [ 3.5, 4, 4.5, 4.5 ], "texture": "#texture" },
        "north": { "uv": [ 3.5, 4, 4.5, 4.5 ], "texture": "#texture" },
        "south": { "uv": [ 7, 8, 9, 9 ], "texture": "#texture" },
        "west":  { "uv": [ 0, 8, 1, 9 ], "texture": "#texture" },
        "east":  { "uv": [ 15, 8, 16, 9 ], "texture": "#texture" }
    }
},
{
    "from": [ 6, 10, 0 ],
    "to": [ 10, 13, 1 ],
    "faces": {
        "down":  { "uv": [ 5, 3, 3, 2.5 ], "texture": "#texture" },
        "up":    { "uv": [ 6, 0, 10, 1 ], "texture": "#texture" },
        "north": { "uv": [ 3, 1.5, 5, 3 ], "texture": "#texture" },
        "south": { "uv": [ 6, 3, 10, 6 ], "texture": "#texture" },
        "west":  { "uv": [ 3, 1.5, 3.5, 3 ], "texture": "#texture" },
        "east":  { "uv": [ 4.5, 1.5, 5, 3 ], "texture": "#texture" }
    }
},
{
    "from": [ 6, 9, 0 ],
    "to": [ 7, 10, 1 ],
    "faces": {
        "down":  { "uv": [ 10, 1, 9, 0 ], "texture": "#texture" },
        "up":    { "uv": [ 6, 0, 7, 1 ], "texture": "#texture" },
        "north": { "uv": [ 3, 3, 3.5, 3.5 ], "texture": "#texture" },
        "south": { "uv": [ 6, 6, 7, 7 ], "texture": "#texture" },
        "west":  { "uv": [ 3, 3, 3.5, 3.5 ], "texture": "#texture" },
        "east":  { "uv": [ 3, 3, 3.5, 3.5 ], "texture": "#texture" }
    }
},
{
    "from": [ 9, 9, 0 ],
    "to": [ 10, 10, 1 ],
    "faces": {
        "down":  { "uv": [ 10, 1, 9, 0 ], "texture": "#texture" },
        "up":    { "uv": [ 6, 0, 7, 1 ], "texture": "#texture" },
        "north": { "uv": [ 3, 3, 3.5, 3.5 ], "texture": "#texture" },
        "south": { "uv": [ 6, 6, 7, 7 ], "texture": "#texture" },
        "west":  { "uv": [ 3, 3, 3.5, 3.5 ], "texture": "#texture" },
        "east":  { "uv": [ 3, 3, 3.5, 3.5 ], "texture": "#texture" }
    }
},
{
    "from": [ 2, 12, 0 ],
    "to": [ 3, 13, 1 ],
    "faces": {
        "down":  { "uv": [ 1.5, 2, 1, 1.5 ], "texture": "#texture" },
        "up":    { "uv": [ 1, 1.5, 1.5, 2 ], "texture": "#texture" },
        "north": { "uv": [ 1, 1.5, 1.5, 2 ], "texture": "#texture" },
        "south": { "uv": [ 2, 3, 3, 4 ], "texture": "#texture" },
        "west":  { "uv": [ 1, 1.5, 1.5, 2 ], "texture": "#texture" },
        "east":  { "uv": [ 1, 1.5, 1.5, 2 ], "texture": "#texture" }
    }
},
{
    "from": [ 13, 12, 0 ],
    "to": [ 14, 13, 1 ],
    "faces": {
        "down":  { "uv": [ 1.5, 2, 1, 1.5 ], "texture": "#texture" },
        "up":    { "uv": [ 1, 1.5, 1.5, 2 ], "texture": "#texture" },
        "north": { "uv": [ 1, 1.5, 1.5, 2 ], "texture": "#texture" },
        "south": { "uv": [ 2, 3, 3, 4 ], "texture": "#texture" },
        "west":  { "uv": [ 1, 1.5, 1.5, 2 ], "texture": "#texture" },
        "east":  { "uv": [ 1, 1.5, 1.5, 2 ], "texture": "#texture" }
    }
},
{
    "from": [ 2, 2, 0 ],
    "to": [ 3, 3, 1 ],
    "faces": {
        "down":  { "uv": [ 14, 1, 13, 0 ], "texture": "#texture" },
        "up":    { "uv": [ 1, 6.5, 1.5, 7 ], "texture": "#texture" },
        "north": { "uv": [ 1, 6.5, 1.5, 7 ], "texture": "#texture" },
        "south": { "uv": [ 2, 13, 3, 14 ], "texture": "#texture" },
        "west":  { "uv": [ 1, 6.5, 1.5, 7 ], "texture": "#texture" },
        "east":  { "uv": [ 1, 6.5, 1.5, 7 ], "texture": "#texture" }
    }
},
{
    "from": [ 13, 2, 0 ],
    "to": [ 14, 3, 1 ],
    "faces": {
        "down":  { "uv": [ 14, 1, 13, 0 ], "texture": "#texture" },
        "up":    { "uv": [ 1, 6.5, 1.5, 7 ], "texture": "#texture" },
        "north": { "uv": [ 1, 6.5, 1.5, 7 ], "texture": "#texture" },
        "south": { "uv": [ 2, 13, 3, 14 ], "texture": "#texture" },
        "west":  { "uv": [ 1, 6.5, 1.5, 7 ], "texture": "#texture" },
        "east":  { "uv": [ 1, 6.5, 1.5, 7 ], "texture": "#texture" }
    }
},
{
    "from": [ 7, 16, 6 ],
    "to": [ 9, 17, 10 ],
    "faces": {
        "down":  { "uv": [ 9, 10, 7, 6 ], "texture": "#texture" },
        "up":    { "uv": [ 11.5, 11, 12.5, 13 ], "texture": "#texture" },
        "north": { "uv": [ 11.5, 11, 12.5, 11.5 ], "texture": "#texture" },
        "south": { "uv": [ 11.5, 12.5, 12.5, 13 ], "texture": "#texture" },
        "west":  { "uv": [ 12, 13, 12.5, 11 ], "rotation": 90, "texture": "#texture" },
        "east":  { "uv": [ 11.5, 11, 12, 13 ], "rotation": 90, "texture": "#texture" }
    }
},
{
    "from": [ 6, 16, 7 ],
    "to": [ 7, 17, 9 ],
    "faces": {
        "down":  { "uv": [ 10, 9, 9, 7 ], "texture": "#texture" },
        "up":    { "uv": [ 11, 11.5, 11.5, 12.5 ], "texture": "#texture" },
        "north": { "uv": [ 11, 11.5, 11.5, 12 ], "texture": "#texture" },
        "south": { "uv": [ 11, 12, 11.5, 12.5 ], "texture": "#texture" },
        "west":  { "uv": [ 11, 11.5, 11.5, 12 ], "texture": "#texture" },
        "east":  { "uv": [ 11, 11.5, 11.5, 12 ], "texture": "#texture" }
    }
},
{
    "from": [ 9, 16, 7 ],
    "to": [ 10, 17, 9 ],
    "faces": {
        "down":  { "uv": [ 10, 9, 9, 7 ], "texture": "#texture" },
        "up":    { "uv": [ 12.5, 11.5, 13, 12.5 ], "texture": "#texture" },
        "north": { "uv": [ 12.5, 11.5, 13, 12 ], "texture": "#texture" },
        "south": { "uv": [ 12.5, 12, 13, 12.5 ], "texture": "#texture" },
        "west":  { "uv": [ 12.5, 11.5, 13, 12 ], "texture": "#texture" },
        "east":  { "uv": [ 12.5, 11.5, 13, 12 ], "texture": "#texture" }
    }
}
],
"display": {
    "thirdperson_righthand": {
        "rotation": [ 75, 45, 0 ],
        "translation": [ 0, 2.5, 0 ],
        "scale": [ 0.375, 0.375, 0.375 ]
    },
    "thirdperson_lefthand": {
        "rotation": [ 75, 45, 0 ],
        "translation": [ 0, 2.5, 0 ],
        "scale": [ 0.375, 0.375, 0.375 ]
    },
    "head": {
        "rotation": [ 0, 0, 0 ],
        "translation": [ 0, 0, 0 ],
        "scale": [ 1, 1, 1 ]
    },
    "ground": {
        "rotation": [ 0, 0, 0 ],
        "translation": [ 0, 3, 0 ],
        "scale": [ 0.25, 0.25, 0.25 ]
    },
    "fixed": {
        "rotation": [ 0, 0, 0 ],
        "translation": [ 0, 0, 0 ],
        "scale": [ 0.5, 0.5, 0.5 ]
    },
    "firstperson_righthand": {
        "rotation": [ 0, 45, 0 ],
        "translation": [ 0, 0, 0 ],
        "scale": [ 0.4, 0.4, 0.4 ]
    },
    "firstperson_lefthand": {
        "rotation": [ 0, 225, 0 ],
        "translation": [ 0, 0, 0 ],
        "scale": [ 0.4, 0.4, 0.4 ]
    },
    "gui": {
        "rotation": [ 30, 225, 0 ],
        "translation": [ 0, 0, 0 ],
        "scale": [ 0.625, 0.625, 0.625 ]
    }
}
}