{
"__comment": "Designed by %Irish",
"textures": {
    "particle": "blocks/adv/melon/melon",
    "side": "blocks/melon_side",
    "top": "blocks/melon_top"
},
"elements": [ 
{
    "from": [ 0, 0, 0 ],
    "to": [ 16, 16, 16 ],
    "faces": {
        "down":  { "uv": [ 16, 16, 0, 0 ], "texture": "#top", "cullface": "down" },
        "up":    { "uv": [ 0, 0, 16, 16 ], "texture": "#top", "cullface": "up" },
        "north": { "uv": [ 0, 0, 16, 16 ], "texture": "#side", "cullface": "north" },
        "south": { "uv": [ 0, 0, 16, 16 ], "texture": "#side", "cullface": "south" },
        "west":  { "uv": [ 0, 0, 16, 16 ], "texture": "#side", "cullface": "west" },
        "east":  { "uv": [ 0, 0, 16, 16 ], "texture": "#side", "cullface": "east" }
    }
},
{
    "from": [ 6, 16, 7 ],
    "to": [ 10, 17, 9 ],
    "faces": {
        "up":    { "uv": [ 6, 7, 10, 9 ], "texture": "#top", "cullface": "up" },
        "north": { "uv": [ 10, 7, 6, 8 ], "texture": "#top", "cullface": "up" },
        "south": { "uv": [ 6, 8, 10, 9 ], "texture": "#top", "cullface": "up" },
        "west":  { "uv": [ 6, 7, 7, 9 ], "texture": "#top", "cullface": "up" },
        "east":  { "uv": [ 9, 7, 10, 9 ], "texture": "#top", "cullface": "up" }
    }
},
{
    "from": [ 7, 16, 6 ],
    "to": [ 9, 17, 7 ],
    "faces": {
        "up":    { "uv": [ 7, 6, 9, 7 ], "texture": "#top", "cullface": "up" },
        "north": { "uv": [ 9, 6, 7, 7 ], "texture": "#top", "cullface": "up" },
        "west":  { "uv": [ 7, 6, 9, 7 ], "texture": "#top", "cullface": "up" },
        "east":  { "uv": [ 7, 6, 9, 7 ], "texture": "#top", "cullface": "up" }
    }
},
{
    "from": [ 7, 16, 9 ],
    "to": [ 9, 17, 10 ],
    "faces": {
        "up":    { "uv": [ 7, 9, 9, 10 ], "texture": "#top", "cullface": "up" },
        "south": { "uv": [ 7, 9, 9, 10 ], "texture": "#top", "cullface": "up" },
        "west":  { "uv": [ 7, 9, 9, 10 ], "texture": "#top", "cullface": "up" },
        "east":  { "uv": [ 7, 9, 9, 10 ], "texture": "#top", "cullface": "up" }
    }
}
],
"display": {
    "thirdperson_righthand": {
        "rotation": [ 75, 45, 0 ],
        "translation": [ 0, 1, 0 ],
        "scale": [ 0.4, 0.4, 0.4 ]
    },
    "thirdperson_lefthand": {
        "rotation": [ 75, 45, 0 ],
        "translation": [ 0, 1, 0 ],
        "scale": [ 0.4, 0.4, 0.4 ]
    },
    "head": {
        "rotation": [ 0, 0, 0 ],
        "translation": [ 0, 0, 0 ],
        "scale": [ 1, 1, 1 ]
    },
    "ground": {
        "rotation": [ 0, 0, 0 ],
        "translation": [ 0, 1.3, 0 ],
        "scale": [ 0.3, 0.3, 0.3 ]
    },
    "fixed": {
        "rotation": [ 0, 0, 0 ],
        "translation": [ 0, 0, 0 ],
        "scale": [ 0.5, 0.5, 0.5 ]
    },
    "firstperson_righthand": {
        "rotation": [ 5, 45, 6 ],
        "translation": [ 0, 0, -2 ],
        "scale": [ 0.5, 0.5, 0.5 ]
    },
    "firstperson_lefthand": {
        "rotation": [ 5, 45, 6 ],
        "translation": [ 0, 0, -2 ],
        "scale": [ 0.5, 0.5, 0.5 ]
    },
    "gui": {
        "rotation": [ 30, -45, 0 ],
        "translation": [ 0, 0, 0 ],
        "scale": [ 0.62, 0.62, 0.62 ]
    }
}
}