{
"__comment": "Designed by Irishpixel with BDcraft Cubik PRO 0.96 Beta - http://bdcraft.net",
"textures": {
    "particle": "blocks/reeds",
    "texture": "blocks/reeds"
},
"elements": [ 
{
    "from": [ 2, -1, 1 ],
    "to": [ 4, 15, 3 ],
    "faces": {
        "down":  { "uv": [ 5, 2, 3, 0 ], "texture": "#texture", "tintindex": 0 },
        "up":    { "uv": [ 3, 0, 5, 2 ], "texture": "#texture", "tintindex": 0 },
        "north": { "uv": [ 1, 0, 3, 16 ], "texture": "#texture", "tintindex": 0 },
        "south": { "uv": [ 1, 0, 3, 16 ], "texture": "#texture", "tintindex": 0 },
        "west":  { "uv": [ 1, 0, 3, 16 ], "texture": "#texture", "tintindex": 0 },
        "east":  { "uv": [ 1, 0, 3, 16 ], "texture": "#texture", "tintindex": 0 }
    }
},
{
    "from": [ 5.5, -1, 6.5 ],
    "to": [ 7.5, 15, 8.5 ],
    "faces": {
        "down":  { "uv": [ 5, 2, 3, 0 ], "texture": "#texture", "tintindex": 0 },
        "up":    { "uv": [ 3, 0, 5, 2 ], "texture": "#texture", "tintindex": 0 },
        "north": { "uv": [ 5, 0, 7, 16 ], "texture": "#texture", "tintindex": 0 },
        "south": { "uv": [ 5, 0, 7, 16 ], "texture": "#texture", "tintindex": 0 },
        "west":  { "uv": [ 5, 0, 7, 16 ], "texture": "#texture", "tintindex": 0 },
        "east":  { "uv": [ 5, 0, 7, 16 ], "texture": "#texture", "tintindex": 0 }
    }
},
{
    "from": [ 1, 0, 9 ],
    "to": [ 3, 16, 11 ],
    "faces": {
        "down":  { "uv": [ 5, 2, 3, 0 ], "texture": "#texture", "tintindex": 0 },
        "up":    { "uv": [ 3, 0, 5, 2 ], "texture": "#texture", "tintindex": 0 },
        "north": { "uv": [ 9, 0, 11, 16 ], "texture": "#texture", "tintindex": 0 },
        "south": { "uv": [ 9, 0, 11, 16 ], "texture": "#texture", "tintindex": 0 },
        "west":  { "uv": [ 9, 0, 11, 16 ], "texture": "#texture", "tintindex": 0 },
        "east":  { "uv": [ 9, 0, 11, 16 ], "texture": "#texture", "tintindex": 0 }
    }
},
{
    "from": [ 4, -1, 13 ],
    "to": [ 6, 15, 15 ],
    "faces": {
        "down":  { "uv": [ 5, 2, 3, 0 ], "texture": "#texture", "tintindex": 0 },
        "up":    { "uv": [ 3, 0, 5, 2 ], "texture": "#texture", "tintindex": 0 },
        "north": { "uv": [ 13, 0, 15, 16 ], "texture": "#texture", "tintindex": 0 },
        "south": { "uv": [ 13, 0, 15, 16 ], "texture": "#texture", "tintindex": 0 },
        "west":  { "uv": [ 13, 0, 15, 16 ], "texture": "#texture", "tintindex": 0 },
        "east":  { "uv": [ 13, 0, 15, 16 ], "texture": "#texture", "tintindex": 0 }
    }
},
{
    "from": [ 8, 0, 2 ],
    "to": [ 10, 16, 4 ],
    "faces": {
        "down":  { "uv": [ 5, 2, 3, 0 ], "texture": "#texture", "tintindex": 0 },
        "up":    { "uv": [ 3, 0, 5, 2 ], "texture": "#texture", "tintindex": 0 },
        "north": { "uv": [ 13, 0, 15, 16 ], "texture": "#texture", "tintindex": 0 },
        "south": { "uv": [ 13, 0, 15, 16 ], "texture": "#texture", "tintindex": 0 },
        "west":  { "uv": [ 13, 0, 15, 16 ], "texture": "#texture", "tintindex": 0 },
        "east":  { "uv": [ 13, 0, 15, 16 ], "texture": "#texture", "tintindex": 0 }
    }
},
{
    "from": [ 13, 0, 13 ],
    "to": [ 15, 16, 15 ],
    "faces": {
        "down":  { "uv": [ 5, 2, 3, 0 ], "texture": "#texture", "tintindex": 0 },
        "up":    { "uv": [ 3, 0, 5, 2 ], "texture": "#texture", "tintindex": 0 },
        "north": { "uv": [ 5, 0, 7, 16 ], "texture": "#texture", "tintindex": 0 },
        "south": { "uv": [ 5, 0, 7, 16 ], "texture": "#texture", "tintindex": 0 },
        "west":  { "uv": [ 5, 0, 7, 16 ], "texture": "#texture", "tintindex": 0 },
        "east":  { "uv": [ 5, 0, 7, 16 ], "texture": "#texture", "tintindex": 0 }
    }
},
{
    "from": [ 9, -2, 10 ],
    "to": [ 11, 14, 12 ],
    "faces": {
        "down":  { "uv": [ 5, 2, 3, 0 ], "texture": "#texture", "tintindex": 0 },
        "up":    { "uv": [ 3, 0, 5, 2 ], "texture": "#texture", "tintindex": 0 },
        "north": { "uv": [ 13, 0, 15, 16 ], "texture": "#texture", "tintindex": 0 },
        "south": { "uv": [ 13, 0, 15, 16 ], "texture": "#texture", "tintindex": 0 },
        "west":  { "uv": [ 13, 0, 15, 16 ], "texture": "#texture", "tintindex": 0 },
        "east":  { "uv": [ 13, 0, 15, 16 ], "texture": "#texture", "tintindex": 0 }
    }
},
{
    "from": [ 12.5, -1, 4.5 ],
    "to": [ 14.5, 15, 6.5 ],
    "faces": {
        "down":  { "uv": [ 5, 2, 3, 0 ], "texture": "#texture", "tintindex": 0 },
        "up":    { "uv": [ 3, 0, 5, 2 ], "texture": "#texture", "tintindex": 0 },
        "north": { "uv": [ 13, 0, 15, 16 ], "texture": "#texture", "tintindex": 0 },
        "south": { "uv": [ 13, 0, 15, 16 ], "texture": "#texture", "tintindex": 0 },
        "west":  { "uv": [ 13, 0, 15, 16 ], "texture": "#texture", "tintindex": 0 },
        "east":  { "uv": [ 13, 0, 15, 16 ], "texture": "#texture", "tintindex": 0 }
    }
}
]
}