{
"textures": {
    "particle": "blocks/repeater_off",
    "texture": "blocks/adv/repeater/repeater_off"
},
"elements": [ 
{
    "from": [ 1, 0, 1 ],
    "to": [ 15, 1.5, 15 ],
    "faces": {
        "down":  { "uv": [ 9, 9, 16, 16 ], "texture": "#texture", "cullface": "down" },
        "up":    { "uv": [ 1.5, 1.5, 8.5, 8.5 ], "texture": "#texture" }
    }
},
{
    "from": [ 0, 0, 0 ],
    "to": [ 16, 2, 1 ],
    "faces": {
        "down":  { "uv": [ 1, 0, 9, 0.5 ], "texture": "#texture", "cullface": "down" },
        "up":    { "uv": [ 1, 1, 9, 1.5 ], "texture": "#texture" },
        "north": { "uv": [ 9, 1, 1, 0 ], "texture": "#texture", "cullface": "north" },
        "south": { "uv": [ 1, 1, 9, 1.5 ], "texture": "#texture" },
        "west":  { "uv": [ 1, 1, 1.5, 0 ], "texture": "#texture", "cullface": "west" },
        "east":  { "uv": [ 8.5, 1, 9, 0 ], "texture": "#texture", "cullface": "east" }
    }
},
{
    "from": [ 0, 0, 15 ],
    "to": [ 16, 2, 16 ],
    "faces": {
        "down":  { "uv": [ 1, 9.5, 9, 10 ], "texture": "#texture", "cullface": "down" },
        "up":    { "uv": [ 1, 8.5, 9, 9 ], "texture": "#texture" },
        "north": { "uv": [ 9, 10, 1, 9 ], "texture": "#texture" },
        "south": { "uv": [ 1, 9, 9, 10 ], "texture": "#texture", "cullface": "south" },
        "west":  { "uv": [ 1, 9, 1.5, 10 ], "texture": "#texture", "cullface": "west" },
        "east":  { "uv": [ 8.5, 10, 9, 9 ], "texture": "#texture", "cullface": "east" }
    }
},
{
    "from": [ 0, 0, 1 ],
    "to": [ 1, 2, 15 ],
    "faces": {
        "down":  { "uv": [ 0, 8.5, 0.5, 1.5 ], "texture": "#texture", "cullface": "down" },
        "up":    { "uv": [ 1, 1.5, 1.5, 8.5 ], "texture": "#texture" },
        "west":  { "uv": [ 1, 8.5, 0, 1.5 ], "rotation": 90, "texture": "#texture", "cullface": "west" },
        "east":  { "uv": [ 1, 1.5, 1.5, 8.5 ], "texture": "#texture" }
    }
},
{
    "from": [ 15, 0, 1 ],
    "to": [ 16, 2, 15 ],
    "faces": {
        "down":  { "uv": [ 9.5, 8.5, 10, 1.5 ], "texture": "#texture", "cullface": "down" },
        "up":    { "uv": [ 8.5, 1.5, 9, 8.5 ], "texture": "#texture" },
        "west":  { "uv": [ 9.5, 8.5, 8.5, 1.5 ], "rotation": 90, "texture": "#texture" },
        "east":  { "uv": [ 10, 8.5, 9, 1.5 ], "rotation": 270, "texture": "#texture", "cullface": "east" }
    }
},
{
    "from": [ 2, 1, 6 ],
    "to": [ 5, 2, 7 ],
    "faces": {
        "down":  { "uv": [ 14, 7, 11, 6 ], "texture": "#texture" },
        "up":    { "uv": [ 2, 4, 3.5, 4.5 ], "texture": "#texture" },
        "north": { "uv": [ 2, 4, 3.5, 4.5 ], "texture": "#texture" },
        "south": { "uv": [ 2, 4, 3.5, 4.5 ], "texture": "#texture" },
        "west":  { "uv": [ 2, 4, 2.5, 4.5 ], "texture": "#texture" },
        "east":  { "uv": [ 3, 4, 3.5, 4.5 ], "texture": "#texture" }
    }
},
{
    "from": [ 2, 1, 8 ],
    "to": [ 5, 2, 9 ],
    "faces": {
        "down":  { "uv": [ 14, 7, 11, 6 ], "texture": "#texture" },
        "up":    { "uv": [ 2, 4, 3.5, 4.5 ], "texture": "#texture" },
        "north": { "uv": [ 2, 4, 3.5, 4.5 ], "texture": "#texture" },
        "south": { "uv": [ 2, 4, 3.5, 4.5 ], "texture": "#texture" },
        "west":  { "uv": [ 2, 4, 2.5, 4.5 ], "texture": "#texture" },
        "east":  { "uv": [ 3, 4, 3.5, 4.5 ], "texture": "#texture" }
    }
},
{
    "from": [ 2, 1, 10 ],
    "to": [ 5, 2, 11 ],
    "faces": {
        "down":  { "uv": [ 14, 7, 11, 6 ], "texture": "#texture" },
        "up":    { "uv": [ 2, 4, 3.5, 4.5 ], "texture": "#texture" },
        "north": { "uv": [ 2, 4, 3.5, 4.5 ], "texture": "#texture" },
        "south": { "uv": [ 2, 4, 3.5, 4.5 ], "texture": "#texture" },
        "west":  { "uv": [ 2, 4, 2.5, 4.5 ], "texture": "#texture" },
        "east":  { "uv": [ 3, 4, 3.5, 4.5 ], "texture": "#texture" }
    }
},
{
    "from": [ 2, 1, 12 ],
    "to": [ 5, 2, 13 ],
    "faces": {
        "down":  { "uv": [ 14, 7, 11, 6 ], "texture": "#texture" },
        "up":    { "uv": [ 2, 4, 3.5, 4.5 ], "texture": "#texture" },
        "north": { "uv": [ 2, 4, 3.5, 4.5 ], "texture": "#texture" },
        "south": { "uv": [ 2, 4, 3.5, 4.5 ], "texture": "#texture" },
        "west":  { "uv": [ 2, 4, 2.5, 4.5 ], "texture": "#texture" },
        "east":  { "uv": [ 3, 4, 3.5, 4.5 ], "texture": "#texture" }
    }
},
{
    "from": [ 6, 1, 1 ],
    "to": [ 10, 2, 6 ],
    "faces": {
        "down":  { "uv": [ 6, 3.5, 4.5, 2 ], "texture": "#texture" },
        "up":    { "uv": [ 4, 1.5, 6, 4 ], "texture": "#texture" },
        "south": { "uv": [ 4, 3.5, 6, 4 ], "texture": "#texture" },
        "west":  { "uv": [ 4, 4, 4.5, 1.5 ], "rotation": 90, "texture": "#texture" },
        "east":  { "uv": [ 5.5, 1.5, 6, 4 ], "rotation": 90, "texture": "#texture" }
    }
},
{
    "from": [ 6, 1, 6 ],
    "to": [ 7, 2, 15 ],
    "faces": {
        "down":  { "uv": [ 10, 15, 9, 6 ], "texture": "#texture" },
        "up":    { "uv": [ 4, 4, 4.5, 8.5 ], "texture": "#texture" },
        "west":  { "uv": [ 4, 8.5, 4.5, 4 ], "rotation": 90, "texture": "#texture" },
        "east":  { "uv": [ 4, 4, 4.5, 8.5 ], "rotation": 90, "texture": "#texture" }
    }
},
{
    "from": [ 9, 1, 6 ],
    "to": [ 10, 2, 15 ],
    "faces": {
        "down":  { "uv": [ 10, 15, 9, 6 ], "texture": "#texture" },
        "up":    { "uv": [ 4, 4, 4.5, 8.5 ], "texture": "#texture" },
        "west":  { "uv": [ 4, 8.5, 4.5, 4 ], "rotation": 90, "texture": "#texture" },
        "east":  { "uv": [ 4, 4, 4.5, 8.5 ], "rotation": 90, "texture": "#texture" }
    }
},
{
    "from": [ 7, 1, 14 ],
    "to": [ 9, 2, 15 ],
    "faces": {
        "down":  { "uv": [ 9, 15, 7, 14 ], "texture": "#texture" },
        "up":    { "uv": [ 4.5, 8, 5.5, 8.5 ], "texture": "#texture" },
        "north": { "uv": [ 4.5, 8, 5.5, 8.5 ], "texture": "#texture" }
    }
},
{
    "from": [ 7, 1, 2 ],
    "to": [ 9, 7, 4 ],
    "faces": {
        "down":  { "uv": [ 9, 4, 7, 2 ], "texture": "#texture" },
        "up":    { "uv": [ 10, 0, 11, 1 ], "texture": "#texture" },
        "north": { "uv": [ 10, 1, 11, 4 ], "texture": "#texture" },
        "south": { "uv": [ 10, 1, 11, 4 ], "texture": "#texture" },
        "west":  { "uv": [ 11, 1, 10, 4 ], "texture": "#texture" },
        "east":  { "uv": [ 11, 1, 10, 4 ], "texture": "#texture" }
    }
},
{
    "from": [ 7, 1, 8 ],
    "to": [ 9, 7, 10 ],
    "faces": {
        "down":  { "uv": [ 9, 4, 7, 2 ], "texture": "#texture" },
        "up":    { "uv": [ 10, 0, 11, 1 ], "texture": "#texture" },
        "north": { "uv": [ 10, 1, 11, 4 ], "texture": "#texture" },
        "south": { "uv": [ 10, 1, 11, 4 ], "texture": "#texture" },
        "west":  { "uv": [ 11, 1, 10, 4 ], "texture": "#texture" },
        "east":  { "uv": [ 11, 1, 10, 4 ], "texture": "#texture" }
    }
},
{
    "from": [ 11, 1, 8 ],
    "to": [ 12, 2, 11 ],
    "faces": {
        "down":  { "uv": [ 5, 11, 4, 8 ], "texture": "#texture" },
        "up":    { "uv": [ 6.5, 5, 7, 6.5 ], "texture": "#texture" },
        "north": { "uv": [ 6.5, 5, 7, 5.5 ], "texture": "#texture" },
        "south": { "uv": [ 6.5, 6, 7, 6.5 ], "texture": "#texture" },
        "west":  { "uv": [ 6.5, 6.5, 7, 5 ], "rotation": 90, "texture": "#texture" },
        "east":  { "uv": [ 6.5, 5, 7, 6.5 ], "rotation": 90, "texture": "#texture" }
    }
},
{
    "from": [ 13, 1, 8 ],
    "to": [ 14, 2, 11 ],
    "faces": {
        "down":  { "uv": [ 5, 11, 4, 8 ], "texture": "#texture" },
        "up":    { "uv": [ 7.5, 5, 8, 6.5 ], "texture": "#texture" },
        "north": { "uv": [ 7.5, 5, 8, 5.5 ], "texture": "#texture" },
        "south": { "uv": [ 7.5, 6, 8, 6.5 ], "texture": "#texture" },
        "west":  { "uv": [ 7.5, 6.5, 8, 5 ], "rotation": 90, "texture": "#texture" },
        "east":  { "uv": [ 7.5, 5, 8, 6.5 ], "rotation": 90, "texture": "#texture" }
    }
},
{
    "from": [ 12, 1, 8 ],
    "to": [ 13, 2, 9 ],
    "faces": {
        "down":  { "uv": [ 4, 9, 3, 8 ], "texture": "#texture" },
        "up":    { "uv": [ 7, 5, 7.5, 5.5 ], "texture": "#texture" },
        "north": { "uv": [ 7, 5, 7.5, 5.5 ], "texture": "#texture" },
        "south": { "uv": [ 7, 5, 7.5, 5.5 ], "texture": "#texture" },
        "west":  { "uv": [ 7, 5, 7.5, 5.5 ], "texture": "#texture" },
        "east":  { "uv": [ 7, 5, 7.5, 5.5 ], "texture": "#texture" }
    }
},
{
    "from": [ 12, 1, 10 ],
    "to": [ 13, 2, 11 ],
    "faces": {
        "down":  { "uv": [ 4, 8.5, 3, 7.5 ], "texture": "#texture" },
        "up":    { "uv": [ 7, 6, 7.5, 6.5 ], "texture": "#texture" },
        "north": { "uv": [ 7, 6, 7.5, 6.5 ], "texture": "#texture" },
        "south": { "uv": [ 7, 6, 7.5, 6.5 ], "texture": "#texture" },
        "west":  { "uv": [ 7, 6, 7.5, 6.5 ], "texture": "#texture" },
        "east":  { "uv": [ 7, 6, 7.5, 6.5 ], "texture": "#texture" }
    }
}
]
}