{
"textures": {
    "particle": "blocks/adv/buttons/stone",
    "texture": "blocks/adv/buttons/stone_inventory"
},
"elements": [ 
{
    "from": [ 5, 0, 6 ],
    "to": [ 11, 2, 10 ],
    "faces": {
        "down":  { "uv": [ 11, 10, 5, 6 ], "texture": "#texture" },
        "up":    { "uv": [ 5, 6, 11, 10 ], "texture": "#texture" },
        "north": { "uv": [ 5, 4, 11, 6 ], "texture": "#texture" },
        "south": { "uv": [ 5, 9, 11, 11 ], "texture": "#texture" },
        "west":  { "uv": [ 3, 10, 5, 6 ], "rotation": 90, "texture": "#texture" },
        "east":  { "uv": [ 11, 6, 13, 10 ], "rotation": 90, "texture": "#texture" }
    }
}
],
"display": {
    "thirdperson_righthand": {
        "rotation": [ 0, 0, 90 ],
        "translation": [ -3.6, 0.5, 0.19 ],
        "scale": [ 0.5, 0.5, 0.5 ]
    },
    "thirdperson_lefthand": {
        "rotation": [ 0, 0, 90 ],
        "translation": [ -3.6, 0.5, 0.19 ],
        "scale": [ 0.5, 0.5, 0.5 ]
    },
    "head": {
        "rotation": [ 90, 0, 0 ],
        "translation": [ 0, -2, -3.5 ],
        "scale": [ 0.5, 0.5, 0.5 ]
    },
    "ground": {
        "rotation": [ 90, 0, 0 ],
        "translation": [ 0, 6.99, 0 ],
        "scale": [ 0.5, 0.5, 0.5 ]
    },
    "fixed": {
        "rotation": [ 90, 0, 0 ],
        "translation": [ 0, 0, 9.45 ],
        "scale": [ 1.5, 1.5, 1.5 ]
    },
    "firstperson_righthand": {
        "rotation": [ 90, 0, 60 ],
        "translation": [ -4.35, -0.94, -3.21 ],
        "scale": [ 1.5, 1.5, 1.5 ]
    },
    "firstperson_lefthand": {
        "rotation": [ 90, 0, 60 ],
        "translation": [ -4.35, -0.94, -3.21 ],
        "scale": [ 1.5, 1.5, 1.5 ]
    },
    "gui": {
        "rotation": [ 90, 0, 0 ],
        "translation": [ 0, 0, 0 ],
        "scale": [ 1, 1, 1 ]
    }
}
}