{
"textures": {
    "particle": "blocks/adv/buttons/stone",
    "texture": "blocks/adv/buttons/stone"
},
"elements": [ 
{
    "from": [ 5, 0, 6 ],
    "to": [ 11, 2, 10 ],
    "faces": {
        "down":  { "uv": [ 11, 10, 5, 6 ], "texture": "#texture" },
        "up":    { "uv": [ 5, 6, 11, 10 ], "texture": "#texture" },
        "north": { "uv": [ 5, 4, 11, 6 ], "texture": "#texture" },
        "south": { "uv": [ 5, 9, 11, 11 ], "texture": "#texture" },
        "west":  { "uv": [ 3, 10, 5, 6 ], "rotation": 90, "texture": "#texture" },
        "east":  { "uv": [ 11, 6, 13, 10 ], "rotation": 90, "texture": "#texture" }
    }
}
]
}