{
"__comment": "Designed by Irishpixel with BDcraft Cubik PRO 0.96 Beta - http://bdcraft.net",
"textures": {
    "particle": "blocks/water_base",
    "texture": "blocks/waterlily"
},
"elements": [ 
{
    "__comment": "waterlily x16",
    "from": [ 2, 0, 6 ],
    "to": [ 8, 1, 10 ],
    "faces": {
        "down":  { "uv": [ 2, 10, 8, 6 ], "texture": "#texture", "tintindex": 0 },
        "up":    { "uv": [ 2, 6, 8, 10 ], "texture": "#texture", "tintindex": 0 },
        "north": { "uv": [ 8, 6, 2, 7 ], "texture": "#texture", "tintindex": 0 },
        "south": { "uv": [ 2, 10, 8, 9 ], "texture": "#texture", "tintindex": 0 },
        "west":  { "uv": [ 2, 6, 3, 10 ], "rotation": 270, "texture": "#texture", "tintindex": 0 },
        "east":  { "uv": [ 8, 6, 7, 10 ], "rotation": 90, "texture": "#texture", "tintindex": 0 }
    }
},
{
    "__comment": "waterlily x16",
    "from": [ 3, 0, 4 ],
    "to": [ 8, 1, 6 ],
    "faces": {
        "down":  { "uv": [ 3, 6, 8, 4 ], "texture": "#texture", "tintindex": 0 },
        "up":    { "uv": [ 3, 4, 8, 6 ], "texture": "#texture", "tintindex": 0 },
        "north": { "uv": [ 8, 4, 3, 5 ], "texture": "#texture", "tintindex": 0 },
        "south": { "uv": [ 3, 6, 8, 5 ], "texture": "#texture", "tintindex": 0 },
        "west":  { "uv": [ 3, 4, 4, 6 ], "rotation": 270, "texture": "#texture", "tintindex": 0 },
        "east":  { "uv": [ 8, 4, 7, 6 ], "rotation": 90, "texture": "#texture", "tintindex": 0 }
    }
},
{
    "__comment": "waterlily x16",
    "from": [ 3, 0, 10 ],
    "to": [ 13, 1, 12 ],
    "faces": {
        "down":  { "uv": [ 3, 12, 13, 10 ], "texture": "#texture", "tintindex": 0 },
        "up":    { "uv": [ 3, 10, 13, 12 ], "texture": "#texture", "tintindex": 0 },
        "north": { "uv": [ 13, 10, 3, 11 ], "texture": "#texture", "tintindex": 0 },
        "south": { "uv": [ 3, 12, 13, 11 ], "texture": "#texture", "tintindex": 0 },
        "west":  { "uv": [ 3, 10, 4, 12 ], "rotation": 270, "texture": "#texture", "tintindex": 0 },
        "east":  { "uv": [ 13, 10, 12, 12 ], "rotation": 90, "texture": "#texture", "tintindex": 0 }
    }
},
{
    "__comment": "waterlily x16",
    "from": [ 4, 0, 3 ],
    "to": [ 10, 1, 4 ],
    "faces": {
        "down":  { "uv": [ 4, 4, 10, 3 ], "texture": "#texture", "tintindex": 0 },
        "up":    { "uv": [ 4, 3, 10, 4 ], "texture": "#texture", "tintindex": 0 },
        "north": { "uv": [ 10, 3, 4, 4 ], "texture": "#texture", "tintindex": 0 },
        "south": { "uv": [ 4, 4, 10, 3 ], "texture": "#texture", "tintindex": 0 },
        "west":  { "uv": [ 4, 3, 5, 4 ], "rotation": 270, "texture": "#texture", "tintindex": 0 },
        "east":  { "uv": [ 10, 3, 9, 4 ], "rotation": 90, "texture": "#texture", "tintindex": 0 }
    }
},
{
    "__comment": "waterlily x16",
    "from": [ 4, 0, 12 ],
    "to": [ 12, 1, 13 ],
    "faces": {
        "down":  { "uv": [ 4, 13, 12, 12 ], "texture": "#texture", "tintindex": 0 },
        "up":    { "uv": [ 4, 12, 12, 13 ], "texture": "#texture", "tintindex": 0 },
        "north": { "uv": [ 12, 12, 4, 13 ], "texture": "#texture", "tintindex": 0 },
        "south": { "uv": [ 4, 13, 12, 12 ], "texture": "#texture", "tintindex": 0 },
        "west":  { "uv": [ 4, 12, 5, 13 ], "rotation": 270, "texture": "#texture", "tintindex": 0 },
        "east":  { "uv": [ 12, 12, 11, 13 ], "rotation": 90, "texture": "#texture", "tintindex": 0 }
    }
},
{
    "__comment": "waterlily x16",
    "from": [ 6, 0, 2 ],
    "to": [ 10, 1, 3 ],
    "faces": {
        "down":  { "uv": [ 6, 3, 10, 2 ], "texture": "#texture", "tintindex": 0 },
        "up":    { "uv": [ 6, 2, 10, 3 ], "texture": "#texture", "tintindex": 0 },
        "north": { "uv": [ 10, 2, 6, 3 ], "texture": "#texture", "tintindex": 0 },
        "south": { "uv": [ 6, 3, 10, 2 ], "texture": "#texture", "tintindex": 0 },
        "west":  { "uv": [ 6, 2, 7, 3 ], "rotation": 270, "texture": "#texture", "tintindex": 0 },
        "east":  { "uv": [ 10, 2, 9, 3 ], "rotation": 90, "texture": "#texture", "tintindex": 0 }
    }
},
{
    "__comment": "waterlily x16",
    "from": [ 6, 0, 13 ],
    "to": [ 10, 1, 14 ],
    "faces": {
        "down":  { "uv": [ 6, 14, 10, 13 ], "texture": "#texture", "tintindex": 0 },
        "up":    { "uv": [ 6, 13, 10, 14 ], "texture": "#texture", "tintindex": 0 },
        "north": { "uv": [ 10, 13, 6, 14 ], "texture": "#texture", "tintindex": 0 },
        "south": { "uv": [ 6, 14, 10, 13 ], "texture": "#texture", "tintindex": 0 },
        "west":  { "uv": [ 6, 13, 7, 14 ], "rotation": 270, "texture": "#texture", "tintindex": 0 },
        "east":  { "uv": [ 10, 13, 9, 14 ], "rotation": 90, "texture": "#texture", "tintindex": 0 }
    }
},
{
    "__comment": "waterlily x16",
    "from": [ 8, 0, 4 ],
    "to": [ 9, 1, 5 ],
    "faces": {
        "down":  { "uv": [ 8, 5, 9, 4 ], "texture": "#texture", "tintindex": 0 },
        "up":    { "uv": [ 8, 4, 9, 5 ], "texture": "#texture", "tintindex": 0 },
        "north": { "uv": [ 9, 4, 8, 5 ], "texture": "#texture", "tintindex": 0 },
        "south": { "uv": [ 8, 5, 9, 4 ], "texture": "#texture", "tintindex": 0 },
        "west":  { "uv": [ 8, 4, 9, 5 ], "rotation": 270, "texture": "#texture", "tintindex": 0 },
        "east":  { "uv": [ 9, 4, 8, 5 ], "rotation": 90, "texture": "#texture", "tintindex": 0 }
    }
},
{
    "__comment": "waterlily x16",
    "from": [ 8, 0, 8 ],
    "to": [ 14, 1, 10 ],
    "faces": {
        "down":  { "uv": [ 8, 10, 14, 8 ], "texture": "#texture", "tintindex": 0 },
        "up":    { "uv": [ 8, 8, 14, 10 ], "texture": "#texture", "tintindex": 0 },
        "north": { "uv": [ 14, 8, 8, 9 ], "texture": "#texture", "tintindex": 0 },
        "south": { "uv": [ 8, 10, 14, 9 ], "texture": "#texture", "tintindex": 0 },
        "west":  { "uv": [ 8, 8, 9, 10 ], "rotation": 270, "texture": "#texture", "tintindex": 0 },
        "east":  { "uv": [ 14, 8, 13, 10 ], "rotation": 90, "texture": "#texture", "tintindex": 0 }
    }
},
{
    "__comment": "waterlily x16",
    "from": [ 11, 0, 7 ],
    "to": [ 14, 1, 8 ],
    "faces": {
        "down":  { "uv": [ 11, 8, 14, 7 ], "texture": "#texture", "tintindex": 0 },
        "up":    { "uv": [ 11, 7, 14, 8 ], "texture": "#texture", "tintindex": 0 },
        "north": { "uv": [ 14, 7, 11, 8 ], "texture": "#texture", "tintindex": 0 },
        "south": { "uv": [ 11, 8, 14, 7 ], "texture": "#texture", "tintindex": 0 },
        "west":  { "uv": [ 11, 7, 12, 8 ], "rotation": 270, "texture": "#texture", "tintindex": 0 },
        "east":  { "uv": [ 14, 7, 13, 8 ], "rotation": 90, "texture": "#texture", "tintindex": 0 }
    }
},
{
    "__comment": "waterlily x16",
    "from": [ 12, 0, 6 ],
    "to": [ 14, 1, 7 ],
    "faces": {
        "down":  { "uv": [ 12, 7, 14, 6 ], "texture": "#texture", "tintindex": 0 },
        "up":    { "uv": [ 12, 6, 14, 7 ], "texture": "#texture", "tintindex": 0 },
        "north": { "uv": [ 14, 6, 12, 7 ], "texture": "#texture", "tintindex": 0 },
        "south": { "uv": [ 12, 7, 14, 6 ], "texture": "#texture", "tintindex": 0 },
        "west":  { "uv": [ 12, 6, 13, 7 ], "rotation": 270, "texture": "#texture", "tintindex": 0 },
        "east":  { "uv": [ 14, 6, 13, 7 ], "rotation": 90, "texture": "#texture", "tintindex": 0 }
    }
}
]
}