{
    "__comment": "TheVoid1313's AD Reforged - by kyctarniq",
    "elements": [
        {   "__comment": "Anvil base",
            "from": [ 2, 0, 2 ],
            "to": [ 14, 4, 14 ],
            "faces": {
                "down":  { "uv": [ 2,  2, 14, 14 ], "texture": "#body", "rotation": 180, "cullface": "down" },
                "up":    { "uv": [ 2,  2, 14, 14 ], "texture": "#body", "rotation": 180 },
                "north": { "uv": [ 2, 12, 14, 16 ], "texture": "#side" },
                "south": { "uv": [ 2, 12, 14, 16 ], "texture": "#side" },
                "west":  { "uv": [ 14,  12,  2, 16 ], "texture": "#body", "rotation": 0 },
                "east":  { "uv": [ 14,  12,  2, 16 ], "texture": "#body", "rotation": 0 }
            }
        },
        {   "__comment": "Lower narrow portion",
            "from": [ 4, 4, 3 ],
            "to": [ 12, 5, 13 ],
            "faces": {
                "down":  { "uv": [ 4,  3, 12, 13 ], "texture": "#body", "rotation": 180 },
                "up":    { "uv": [ 4,  3, 12, 13 ], "texture": "#body", "rotation": 180 },
                "north": { "uv": [ 4, 11, 12, 12 ], "texture": "#side" },
                "south": { "uv": [ 4, 11, 12, 12 ], "texture": "#side" },
                "west":  { "uv": [ 13,  11,  3, 12 ], "texture": "#body", "rotation":  0 },
                "east":  { "uv": [ 13,  11,  3, 12 ], "texture": "#body", "rotation":  0 }
            }
        },
        {   "__comment": "Wider section beneath top portion",
            "from": [ 6, 5, 4 ],
            "to": [ 10, 10, 12 ],
            "faces": {
                "down":  { "uv": [ 10, 12,  6,  4 ], "texture": "#body", "rotation": 180 },
                "up":    { "uv": [ 10, 12,  6,  4 ], "texture": "#body", "rotation": 180 },
                "north": { "uv": [  6,  6, 10, 11 ], "texture": "#side" },
                "south": { "uv": [  6,  6, 10, 11 ], "texture": "#side" },
                "west":  { "uv": [  4,  6, 12, 11 ], "texture": "#body", "rotation":  0 },
                "east":  { "uv": [  4,  6,  12, 11 ], "texture": "#body", "rotation": 0 }
            }
        },
        {   "__comment": "Anvil top",
            "from": [ 3, 10, 0 ],
            "to": [ 13, 16, 16 ],
            "faces": {
                "down":  { "uv": [  3, 0, 13, 16 ], "texture": "#body", "rotation": 180 },
                "up":    { "uv": [  3, 0, 13, 16 ], "texture": "#top",   "rotation": 180 },
                "north": { "uv": [  3, 0, 13,  6 ], "texture": "#side" },
                "south": { "uv": [  3, 0, 13,  6 ], "texture": "#side" },
                "west":  { "uv": [ 0, 0, 16, 6 ], "texture": "#body", "rotation":  0 },
                "east":  { "uv": [ 0, 0, 16, 6 ], "texture": "#body", "rotation":  0 }
            }
        },
		{   "__comment": "Hammer Head",
            "type": "cube",
			"from": [ 7, 16, 3 ],
            "to": [ 10, 19, 8 ],
			"rotation": {"origin": [ 8, 13, 8 ], "axis": "z", "angle": 22.5 },
            "faces": {
                "down":  { "uv": [  11, 13, 16, 16 ], "texture": "#hammer", "rotation": 90 },
                "up":    { "uv": [  11, 13, 16, 16 ], "texture": "#hammer",   "rotation": 90 },
                "north": { "uv": [  8, 13, 11,  16 ], "texture": "#hammer" },
                "south": { "uv": [  8, 13, 11,  16 ], "texture": "#hammer" },
                "west":  { "uv": [ 11, 13, 16, 16 ], "texture": "#hammer", "rotation":  0 },
                "east":  { "uv": [ 11, 13, 16, 16 ], "texture": "#hammer", "rotation":  0 }
            }
        },
		{   "__comment": "Hammer Hilt",
			"type": "cube",
            "from": [ 0, 17, 5 ],
            "to": [ 9, 18, 6 ],
			"rotation": {"origin": [ 8, 13, 8 ], "axis": "z", "angle": 22.5 },
            "faces": {
                "down":  { "uv": [  0, 16, 1, 5 ], "texture": "#hammer", "rotation": 270 },
                "up":    { "uv": [  0, 16, 1, 5 ], "texture": "#hammer",   "rotation": 270 },
                "north": { "uv": [  0, 16, 1, 5 ], "texture": "#hammer", "rotation": 90 },
                "south": { "uv": [  0, 16, 1, 5 ], "texture": "#hammer", "rotation": 90},
                "west":  { "uv": [ 0, 0, 1, 1 ], "texture": "#hammer", "rotation":  0 },
                "east":  { "uv": [ 0, 0, 1, 1 ], "texture": "#hammer", "rotation":  0 }
            }
        }
    ]
}
