{
"textures": {
    "particle": "blocks/cocoa_stage_0",
    "cocoa": "blocks/cocoa_stage_0"
},
"elements": [ 
{
    "from": [ 8, 12, 12 ],
    "to": [ 8.0625, 16, 16 ],
    "faces": {
        "west":  { "uv": [ 12, 0, 16, 4 ], "texture": "#cocoa" },
        "east":  { "uv": [ 16, 0, 12, 4 ], "texture": "#cocoa" }
    }
},
{
    "from": [ 7, 7, 11 ],
    "to": [ 9, 12, 15 ],
    "faces": {
        "down":  { "uv": [ 1, 0, 3, 4 ], "texture": "#cocoa" },
        "up":    { "uv": [ 1, 0, 3, 4 ], "texture": "#cocoa" },
        "north": { "uv": [ 12, 4, 14, 9 ], "texture": "#cocoa" },
        "south": { "uv": [ 12, 4, 14, 9 ], "texture": "#cocoa" },
        "west":  { "uv": [ 11, 4, 15, 9 ], "texture": "#cocoa" },
        "east":  { "uv": [ 11, 4, 15, 9 ], "texture": "#cocoa" }
    }
},
{
    "from": [ 6, 7, 12 ],
    "to": [ 10, 12, 14 ],
    "faces": {
        "down":  { "uv": [ 0, 1, 4, 3 ], "texture": "#cocoa" },
        "up":    { "uv": [ 0, 1, 4, 3 ], "texture": "#cocoa" },
        "north": { "uv": [ 11, 4, 15, 9 ], "texture": "#cocoa" },
        "south": { "uv": [ 11, 4, 15, 9 ], "texture": "#cocoa" },
        "west":  { "uv": [ 12, 4, 14, 9 ], "texture": "#cocoa" },
        "east":  { "uv": [ 12, 4, 14, 9 ], "texture": "#cocoa" }
    }
}
]
}