{
    "textures": {
		"leaves": "blocks/leaves_oak",
		"apple": "items/apple"
	},
	"elements": [ 
	{
		"type":"cube", //Block
		"from": [0,0,0],
		"to": [16,16,16],
		"rotation": {"origin": [ 8, 1, 8 ], "axis": "y", "angle": 0 },
		"shade": true,
		"faces": {
			"down":{"uv":[0,0,16,16],"texture":"#leaves", "tintindex":1},
			"up":{"uv":[0,0,16,16],"texture":"#leaves", "tintindex":1},
			"north":{"uv":[0,0,16,16],"texture":"#leaves", "tintindex":1},
			"south":{"uv":[0,0,16,16],"texture":"#leaves", "tintindex":1},
			"west":{"uv":[0,0,16,16],"texture":"#leaves", "tintindex":1},
			"east":{"uv":[0,0,16,16],"texture":"#leaves", "tintindex":1}
		}
	},
	{
		"type":"cube", //Apple
		"from": [5,-5,5],
		"to": [11,1,11],
		"rotation": {"origin": [ 8, 1, 8 ], "axis": "y", "angle": 0 },
		"shade": true,
		"faces": {
			"down":{"uv":[5,6,11,12],"texture":"#apple","cullface":down},
			"up":{"uv":[5,6,11,12],"texture":"#apple","cullface":down},
			"north":{"uv":[5,6,11,12],"texture":"#apple","cullface":down},
			"south":{"uv":[5,6,11,12],"texture":"#apple","cullface":down},
			"west":{"uv":[5,6,11,12],"texture":"#apple","cullface":down},
			"east":{"uv":[5,6,11,12],"texture":"#apple","cullface":down}
		}
	}
],
"display": {
	"thirdperson": {
		"rotation": [ 0, 45, 1 ],
		"translation": [ 0, 0.5, 0 ],
		"scale": [ 1.1, 1.1, 1.1 ]
	},
	"firstperson": {
		"rotation": [ 0, 0, 0 ],
		"translation": [ 0, 0, 0 ],
		"scale": [ 1, 1, 1 ]
	},
	"gui": {
		"rotation": [ 0, 0, 0 ],
		"translation": [ 0, 0, 0 ],
		"scale": [ 1, 1, 1 ]
	}
}
}
