{
"textures": {
    "particle": "blocks/rail_normal_turned",
    "texture": "blocks/rail_normal_turned"
},
"elements": [ 
{
    "__comment": "rail_normal_turned - Copy x16",
    "from": [ 1, 0, 10 ],
    "to": [ 5, 1, 13 ],
    "faces": {
        "down":  { "uv": [ 1, 13, 5, 10 ], "texture": "#texture" },
        "up":    { "uv": [ 1, 10, 5, 13 ], "texture": "#texture" },
        "north": { "uv": [ 5, 10, 1, 11 ], "texture": "#texture" },
        "south": { "uv": [ 1, 13, 5, 12 ], "texture": "#texture" },
        "west":  { "uv": [ 1, 10, 2, 13 ], "rotation": 270, "texture": "#texture" },
        "east":  { "uv": [ 5, 10, 4, 13 ], "rotation": 90, "texture": "#texture" }
    }
},
{
    "__comment": "rail_normal_turned - Copy x16",
    "from": [ 2, 0, 13 ],
    "to": [ 16, 1, 14 ],
    "faces": {
        "down":  { "uv": [ 2, 14, 16, 13 ], "texture": "#texture" },
        "up":    { "uv": [ 2, 13, 16, 14 ], "texture": "#texture" },
        "north": { "uv": [ 16, 13, 2, 14 ], "texture": "#texture" },
        "south": { "uv": [ 2, 14, 16, 13 ], "texture": "#texture" },
        "west":  { "uv": [ 2, 13, 3, 14 ], "rotation": 270, "texture": "#texture" },
        "east":  { "uv": [ 16, 13, 15, 14 ], "rotation": 90, "texture": "#texture" }
    }
},
{
    "__comment": "rail_normal_turned - Copy x16",
    "from": [ 5, 0, 5 ],
    "to": [ 8, 1, 9 ],
    "faces": {
        "down":  { "uv": [ 5, 9, 8, 5 ], "texture": "#texture" },
        "up":    { "uv": [ 5, 5, 8, 9 ], "texture": "#texture" },
        "north": { "uv": [ 8, 5, 5, 6 ], "texture": "#texture" },
        "south": { "uv": [ 5, 9, 8, 8 ], "texture": "#texture" },
        "west":  { "uv": [ 5, 5, 6, 9 ], "rotation": 270, "texture": "#texture" },
        "east":  { "uv": [ 8, 5, 7, 9 ], "rotation": 90, "texture": "#texture" }
    }
},
{
    "__comment": "rail_normal_turned - Copy x16",
    "from": [ 5, 0, 11 ],
    "to": [ 7, 1, 13 ],
    "faces": {
        "down":  { "uv": [ 5, 13, 7, 11 ], "texture": "#texture" },
        "up":    { "uv": [ 5, 11, 7, 13 ], "texture": "#texture" },
        "north": { "uv": [ 7, 11, 5, 12 ], "texture": "#texture" },
        "south": { "uv": [ 5, 13, 7, 12 ], "texture": "#texture" },
        "west":  { "uv": [ 5, 11, 6, 13 ], "rotation": 270, "texture": "#texture" },
        "east":  { "uv": [ 7, 11, 6, 13 ], "rotation": 90, "texture": "#texture" }
    }
},
{
    "__comment": "rail_normal_turned - Copy x16",
    "from": [ 7, 0, 9 ],
    "to": [ 11, 1, 10 ],
    "faces": {
        "down":  { "uv": [ 7, 10, 11, 9 ], "texture": "#texture" },
        "up":    { "uv": [ 7, 9, 11, 10 ], "texture": "#texture" },
        "north": { "uv": [ 11, 9, 7, 10 ], "texture": "#texture" },
        "south": { "uv": [ 7, 10, 11, 9 ], "texture": "#texture" },
        "west":  { "uv": [ 7, 9, 8, 10 ], "rotation": 270, "texture": "#texture" },
        "east":  { "uv": [ 11, 9, 10, 10 ], "rotation": 90, "texture": "#texture" }
    }
},
{
    "__comment": "rail_normal_turned - Copy x16",
    "from": [ 7, 0, 12 ],
    "to": [ 16, 1, 13 ],
    "faces": {
        "down":  { "uv": [ 7, 13, 16, 12 ], "texture": "#texture" },
        "up":    { "uv": [ 7, 12, 16, 13 ], "texture": "#texture" },
        "north": { "uv": [ 16, 12, 7, 13 ], "texture": "#texture" },
        "south": { "uv": [ 7, 13, 16, 12 ], "texture": "#texture" },
        "west":  { "uv": [ 7, 12, 8, 13 ], "rotation": 270, "texture": "#texture" },
        "east":  { "uv": [ 16, 12, 15, 13 ], "rotation": 90, "texture": "#texture" }
    }
},
{
    "__comment": "rail_normal_turned - Copy x16",
    "from": [ 7, 0, 14 ],
    "to": [ 16, 1, 15 ],
    "faces": {
        "down":  { "uv": [ 7, 15, 16, 14 ], "texture": "#texture" },
        "up":    { "uv": [ 7, 14, 16, 15 ], "texture": "#texture" },
        "north": { "uv": [ 16, 14, 7, 15 ], "texture": "#texture" },
        "south": { "uv": [ 7, 15, 16, 14 ], "texture": "#texture" },
        "west":  { "uv": [ 7, 14, 8, 15 ], "rotation": 270, "texture": "#texture" },
        "east":  { "uv": [ 16, 14, 15, 15 ], "rotation": 90, "texture": "#texture" }
    }
},
{
    "__comment": "rail_normal_turned - Copy x16",
    "from": [ 8, 0, 7 ],
    "to": [ 9, 1, 9 ],
    "faces": {
        "down":  { "uv": [ 8, 9, 9, 7 ], "texture": "#texture" },
        "up":    { "uv": [ 8, 7, 9, 9 ], "texture": "#texture" },
        "north": { "uv": [ 9, 7, 8, 8 ], "texture": "#texture" },
        "south": { "uv": [ 8, 9, 9, 8 ], "texture": "#texture" },
        "west":  { "uv": [ 8, 7, 9, 9 ], "rotation": 270, "texture": "#texture" },
        "east":  { "uv": [ 9, 7, 8, 9 ], "rotation": 90, "texture": "#texture" }
    }
},
{
    "__comment": "rail_normal_turned - Copy x16",
    "from": [ 8, 0, 10 ],
    "to": [ 12, 1, 11 ],
    "faces": {
        "down":  { "uv": [ 8, 11, 12, 10 ], "texture": "#texture" },
        "up":    { "uv": [ 8, 10, 12, 11 ], "texture": "#texture" },
        "north": { "uv": [ 12, 10, 8, 11 ], "texture": "#texture" },
        "south": { "uv": [ 8, 11, 12, 10 ], "texture": "#texture" },
        "west":  { "uv": [ 8, 10, 9, 11 ], "rotation": 270, "texture": "#texture" },
        "east":  { "uv": [ 12, 10, 11, 11 ], "rotation": 90, "texture": "#texture" }
    }
},
{
    "__comment": "rail_normal_turned - Copy x16",
    "from": [ 9, 0, 8 ],
    "to": [ 10, 1, 9 ],
    "faces": {
        "down":  { "uv": [ 9, 9, 10, 8 ], "texture": "#texture" },
        "up":    { "uv": [ 9, 8, 10, 9 ], "texture": "#texture" },
        "north": { "uv": [ 10, 8, 9, 9 ], "texture": "#texture" },
        "south": { "uv": [ 9, 9, 10, 8 ], "texture": "#texture" },
        "west":  { "uv": [ 9, 8, 10, 9 ], "rotation": 270, "texture": "#texture" },
        "east":  { "uv": [ 10, 8, 9, 9 ], "rotation": 90, "texture": "#texture" }
    }
},
{
    "__comment": "rail_normal_turned - Copy x16",
    "from": [ 9, 0, 11 ],
    "to": [ 16, 1, 12 ],
    "faces": {
        "down":  { "uv": [ 9, 12, 16, 11 ], "texture": "#texture" },
        "up":    { "uv": [ 9, 11, 16, 12 ], "texture": "#texture" },
        "north": { "uv": [ 16, 11, 9, 12 ], "texture": "#texture" },
        "south": { "uv": [ 9, 12, 16, 11 ], "texture": "#texture" },
        "west":  { "uv": [ 9, 11, 10, 12 ], "rotation": 270, "texture": "#texture" },
        "east":  { "uv": [ 16, 11, 15, 12 ], "rotation": 90, "texture": "#texture" }
    }
},
{
    "__comment": "rail_normal_turned - Copy x16",
    "from": [ 10, 0, 1 ],
    "to": [ 13, 1, 5 ],
    "faces": {
        "down":  { "uv": [ 10, 5, 13, 1 ], "texture": "#texture" },
        "up":    { "uv": [ 10, 1, 13, 5 ], "texture": "#texture" },
        "north": { "uv": [ 13, 1, 10, 2 ], "texture": "#texture" },
        "south": { "uv": [ 10, 5, 13, 4 ], "texture": "#texture" },
        "west":  { "uv": [ 10, 1, 11, 5 ], "rotation": 270, "texture": "#texture" },
        "east":  { "uv": [ 13, 1, 12, 5 ], "rotation": 90, "texture": "#texture" }
    }
},
{
    "__comment": "rail_normal_turned - Copy x16",
    "from": [ 10, 0, 15 ],
    "to": [ 15, 1, 16 ],
    "faces": {
        "down":  { "uv": [ 10, 16, 15, 15 ], "texture": "#texture" },
        "up":    { "uv": [ 10, 15, 15, 16 ], "texture": "#texture" },
        "north": { "uv": [ 15, 15, 10, 16 ], "texture": "#texture" },
        "south": { "uv": [ 10, 16, 15, 15 ], "texture": "#texture" },
        "west":  { "uv": [ 10, 15, 11, 16 ], "rotation": 270, "texture": "#texture" },
        "east":  { "uv": [ 15, 15, 14, 16 ], "rotation": 90, "texture": "#texture" }
    }
},
{
    "__comment": "rail_normal_turned - Copy x16",
    "from": [ 11, 0, 5 ],
    "to": [ 14, 1, 7 ],
    "faces": {
        "down":  { "uv": [ 11, 7, 14, 5 ], "texture": "#texture" },
        "up":    { "uv": [ 11, 5, 14, 7 ], "texture": "#texture" },
        "north": { "uv": [ 14, 5, 11, 6 ], "texture": "#texture" },
        "south": { "uv": [ 11, 7, 14, 6 ], "texture": "#texture" },
        "west":  { "uv": [ 11, 5, 12, 7 ], "rotation": 270, "texture": "#texture" },
        "east":  { "uv": [ 14, 5, 13, 7 ], "rotation": 90, "texture": "#texture" }
    }
},
{
    "__comment": "rail_normal_turned - Copy x16",
    "from": [ 12, 0, 7 ],
    "to": [ 15, 1, 10 ],
    "faces": {
        "down":  { "uv": [ 12, 10, 15, 7 ], "texture": "#texture" },
        "up":    { "uv": [ 12, 7, 15, 10 ], "texture": "#texture" },
        "north": { "uv": [ 15, 7, 12, 8 ], "texture": "#texture" },
        "south": { "uv": [ 12, 10, 15, 9 ], "texture": "#texture" },
        "west":  { "uv": [ 12, 7, 13, 10 ], "rotation": 270, "texture": "#texture" },
        "east":  { "uv": [ 15, 7, 14, 10 ], "rotation": 90, "texture": "#texture" }
    }
},
{
    "__comment": "rail_normal_turned - Copy x16",
    "from": [ 13, 0, 2 ],
    "to": [ 14, 1, 5 ],
    "faces": {
        "down":  { "uv": [ 13, 5, 14, 2 ], "texture": "#texture" },
        "up":    { "uv": [ 13, 2, 14, 5 ], "texture": "#texture" },
        "north": { "uv": [ 14, 2, 13, 3 ], "texture": "#texture" },
        "south": { "uv": [ 13, 5, 14, 4 ], "texture": "#texture" },
        "west":  { "uv": [ 13, 2, 14, 5 ], "rotation": 270, "texture": "#texture" },
        "east":  { "uv": [ 14, 2, 13, 5 ], "rotation": 90, "texture": "#texture" }
    }
},
{
    "__comment": "rail_normal_turned - Copy x16",
    "from": [ 13, 0, 10 ],
    "to": [ 16, 1, 11 ],
    "faces": {
        "down":  { "uv": [ 13, 11, 16, 10 ], "texture": "#texture" },
        "up":    { "uv": [ 13, 10, 16, 11 ], "texture": "#texture" },
        "north": { "uv": [ 16, 10, 13, 11 ], "texture": "#texture" },
        "south": { "uv": [ 13, 11, 16, 10 ], "texture": "#texture" },
        "west":  { "uv": [ 13, 10, 14, 11 ], "rotation": 270, "texture": "#texture" },
        "east":  { "uv": [ 16, 10, 15, 11 ], "rotation": 90, "texture": "#texture" }
    }
},
{
    "from": [ 12, 0, 14 ],
    "to": [ 14, 2, 16 ],
    "faces": {
        "down":  { "uv": [ 2, 16, 4, 12 ], "texture": "#texture" },
        "up":    { "uv": [ 2, 12, 4, 16 ], "texture": "#texture" },
        "north": { "uv": [ 12, 14, 14, 16 ], "texture": "#texture" },
        "south": { "uv": [ 2, 14, 4, 16 ], "texture": "#texture" },
        "west":  { "uv": [ 2, 12, 3, 16 ], "texture": "#texture" },
        "east":  { "uv": [ 3, 12, 4, 16 ], "texture": "#texture" }
    }
},
{
    "from": [ 3, 0, 10 ],
    "to": [ 5, 2, 12 ],
    "faces": {
        "down":  { "uv": [ 2, 16, 4, 12 ], "texture": "#texture" },
        "up":    { "uv": [ 2, 12, 4, 16 ], "texture": "#texture" },
        "north": { "uv": [ 12, 14, 14, 16 ], "texture": "#texture" },
        "south": { "uv": [ 2, 14, 4, 16 ], "texture": "#texture" },
        "west":  { "uv": [ 2, 12, 3, 16 ], "texture": "#texture" },
        "east":  { "uv": [ 3, 12, 4, 16 ], "texture": "#texture" }
    }
},
{
    "from": [ 4, 0, 8 ],
    "to": [ 6, 2, 10 ],
    "faces": {
        "down":  { "uv": [ 2, 16, 4, 12 ], "texture": "#texture" },
        "up":    { "uv": [ 2, 12, 4, 16 ], "texture": "#texture" },
        "north": { "uv": [ 12, 14, 14, 16 ], "texture": "#texture" },
        "south": { "uv": [ 2, 14, 4, 16 ], "texture": "#texture" },
        "west":  { "uv": [ 2, 12, 3, 16 ], "texture": "#texture" },
        "east":  { "uv": [ 3, 12, 4, 16 ], "texture": "#texture" }
    }
},
{
    "from": [ 5, 0, 7 ],
    "to": [ 7, 2, 8 ],
    "faces": {
        "down":  { "uv": [ 2, 16, 4, 12 ], "texture": "#texture" },
        "up":    { "uv": [ 2, 12, 4, 16 ], "texture": "#texture" },
        "north": { "uv": [ 12, 14, 14, 16 ], "texture": "#texture" },
        "south": { "uv": [ 2, 14, 4, 16 ], "texture": "#texture" },
        "west":  { "uv": [ 2, 12, 3, 16 ], "texture": "#texture" },
        "east":  { "uv": [ 3, 12, 4, 16 ], "texture": "#texture" }
    }
},
{
    "from": [ 6, 0, 6 ],
    "to": [ 8, 2, 7 ],
    "faces": {
        "down":  { "uv": [ 2, 16, 4, 12 ], "texture": "#texture" },
        "up":    { "uv": [ 2, 12, 4, 16 ], "texture": "#texture" },
        "north": { "uv": [ 12, 14, 14, 16 ], "texture": "#texture" },
        "south": { "uv": [ 2, 14, 4, 16 ], "texture": "#texture" },
        "west":  { "uv": [ 2, 12, 3, 16 ], "texture": "#texture" },
        "east":  { "uv": [ 3, 12, 4, 16 ], "texture": "#texture" }
    }
},
{
    "from": [ 13, 0, 13 ],
    "to": [ 14, 2, 14 ],
    "faces": {
        "down":  { "uv": [ 3, 16, 4, 12 ], "texture": "#texture" },
        "up":    { "uv": [ 3, 12, 4, 16 ], "texture": "#texture" },
        "north": { "uv": [ 13, 14, 14, 16 ], "texture": "#texture" },
        "south": { "uv": [ 3, 14, 4, 16 ], "texture": "#texture" },
        "west":  { "uv": [ 3, 12, 4, 16 ], "texture": "#texture" },
        "east":  { "uv": [ 3, 12, 4, 16 ], "texture": "#texture" }
    }
},
{
    "from": [ 8, 0, 4 ],
    "to": [ 10, 2, 6 ],
    "faces": {
        "down":  { "uv": [ 10, 6, 8, 4 ], "texture": "#texture" },
        "up":    { "uv": [ 8, 4, 10, 6 ], "texture": "#texture" },
        "north": { "uv": [ 8, 4, 10, 5 ], "texture": "#texture" },
        "south": { "uv": [ 8, 5, 10, 6 ], "texture": "#texture" },
        "west":  { "uv": [ 8, 6, 10, 4 ], "rotation": 90, "texture": "#texture" },
        "east":  { "uv": [ 10, 4, 8, 6 ], "rotation": 90, "texture": "#texture" }
    }
},
{
    "from": [ 10, 0, 3 ],
    "to": [ 12, 2, 5 ],
    "faces": {
        "down":  { "uv": [ 10, 6, 8, 4 ], "texture": "#texture" },
        "up":    { "uv": [ 8, 4, 10, 6 ], "texture": "#texture" },
        "north": { "uv": [ 8, 4, 10, 5 ], "texture": "#texture" },
        "south": { "uv": [ 8, 5, 10, 6 ], "texture": "#texture" },
        "west":  { "uv": [ 8, 6, 10, 4 ], "rotation": 90, "texture": "#texture" },
        "east":  { "uv": [ 10, 4, 8, 6 ], "rotation": 90, "texture": "#texture" }
    }
},
{
    "from": [ 14, 0, 12 ],
    "to": [ 16, 2, 14 ],
    "faces": {
        "down":  { "uv": [ 10, 6, 8, 4 ], "texture": "#texture" },
        "up":    { "uv": [ 8, 4, 10, 6 ], "texture": "#texture" },
        "north": { "uv": [ 8, 4, 10, 5 ], "texture": "#texture" },
        "south": { "uv": [ 8, 5, 10, 6 ], "texture": "#texture" },
        "west":  { "uv": [ 8, 6, 10, 4 ], "rotation": 90, "texture": "#texture" },
        "east":  { "uv": [ 10, 4, 8, 6 ], "rotation": 90, "texture": "#texture" }
    }
},
{
    "from": [ 12, 0, 2 ],
    "to": [ 16, 2, 4 ],
    "faces": {
        "down":  { "uv": [ 10, 6, 8, 4 ], "texture": "#texture" },
        "up":    { "uv": [ 8, 4, 10, 6 ], "texture": "#texture" },
        "north": { "uv": [ 8, 4, 10, 5 ], "texture": "#texture" },
        "south": { "uv": [ 8, 5, 10, 6 ], "texture": "#texture" },
        "west":  { "uv": [ 8, 6, 10, 4 ], "rotation": 90, "texture": "#texture" },
        "east":  { "uv": [ 10, 4, 8, 6 ], "rotation": 90, "texture": "#texture" }
    }
},
{
    "from": [ 2, 0, 12 ],
    "to": [ 4, 2, 16 ],
    "faces": {
        "down":  { "uv": [ 2, 16, 4, 12 ], "texture": "#texture" },
        "up":    { "uv": [ 2, 12, 4, 16 ], "texture": "#texture" },
        "north": { "uv": [ 12, 14, 14, 16 ], "texture": "#texture" },
        "south": { "uv": [ 2, 14, 4, 16 ], "texture": "#texture" },
        "west":  { "uv": [ 2, 12, 3, 16 ], "texture": "#texture" },
        "east":  { "uv": [ 3, 12, 4, 16 ], "texture": "#texture" }
    }
},
{
    "from": [ 7, 0, 5 ],
    "to": [ 8, 2, 6 ],
    "faces": {
        "down":  { "uv": [ 2, 16, 3, 12 ], "texture": "#texture" },
        "up":    { "uv": [ 2, 12, 3, 16 ], "texture": "#texture" },
        "north": { "uv": [ 13, 14, 14, 16 ], "texture": "#texture" },
        "south": { "uv": [ 2, 14, 3, 16 ], "texture": "#texture" },
        "west":  { "uv": [ 2, 12, 3, 16 ], "texture": "#texture" },
        "east":  { "uv": [ 2, 12, 3, 16 ], "texture": "#texture" }
    }
}
],
"display": {
    "thirdperson_righthand": {
        "rotation": [ 90, 0, 90 ],
        "translation": [ -3, 0, 0 ],
        "scale": [ 0.37, 0.37, 0.37 ]
    },
    "thirdperson_lefthand": {
        "rotation": [ 90, 0, 90 ],
        "translation": [ -3, 0, 0 ],
        "scale": [ 0.37, 0.37, 0.37 ]
    },
    "head": {
        "rotation": [ 0, 0, 0 ],
        "translation": [ 0, 14, 0 ],
        "scale": [ 1, 1, 1 ]
    },
    "ground": {
        "rotation": [ 0, 0, 0 ],
        "translation": [ 0, 3, 0 ],
        "scale": [ 0.25, 0.25, 0.25 ]
    },
    "fixed": {
        "rotation": [ -90, 0, 0 ],
        "translation": [ 0, 0, -8 ],
        "scale": [ 1, 1, 1 ]
    },
    "firstperson_righthand": {
        "rotation": [ 90, 0, 60 ],
        "translation": [ -4.35, -0.94, -3.21 ],
        "scale": [ 1, 1, 1 ]
    },
    "firstperson_lefthand": {
        "rotation": [ 90, 0, 60 ],
        "translation": [ -4.35, -0.94, -3.21 ],
        "scale": [ 1, 1, 1 ]
    }
}
}