{
"textures": {
    "particle": "blocks/rail_normal",
    "texture": "blocks/rail_normal"
},
"elements": [ 
{
    "from": [ 2, 0, 0 ],
    "to": [ 4, 2, 16 ],
    "faces": {
        "down":  { "uv": [ 14, 16, 12, 0 ], "texture": "#texture" },
        "up":    { "uv": [ 2, 0, 4, 16 ], "texture": "#texture" },
        "north": { "uv": [ 12, 14, 14, 16 ], "texture": "#texture" },
        "south": { "uv": [ 2, 14, 4, 16 ], "texture": "#texture" },
        "west":  { "uv": [ 2, 0, 3, 16 ], "texture": "#texture" },
        "east":  { "uv": [ 3, 0, 4, 16 ], "texture": "#texture" }
    }
},
{
    "from": [ 12, 0, 0 ],
    "to": [ 14, 2, 16 ],
    "faces": {
        "down":  { "uv": [ 14, 16, 12, 0 ], "texture": "#texture" },
        "up":    { "uv": [ 2, 0, 4, 16 ], "texture": "#texture" },
        "north": { "uv": [ 12, 14, 14, 16 ], "texture": "#texture" },
        "south": { "uv": [ 2, 14, 4, 16 ], "texture": "#texture" },
        "west":  { "uv": [ 2, 0, 3, 16 ], "texture": "#texture" },
        "east":  { "uv": [ 3, 0, 4, 16 ], "texture": "#texture" }
    }
},
{
    "from": [ 1, 0, 1 ],
    "to": [ 15, 1, 4 ],
    "faces": {
        "down":  { "uv": [ 15, 4, 1, 1 ], "texture": "#texture" },
        "up":    { "uv": [ 1, 1, 15, 4 ], "texture": "#texture" },
        "north": { "uv": [ 1, 1, 15, 2 ], "texture": "#texture" },
        "south": { "uv": [ 1, 3, 15, 4 ], "texture": "#texture" },
        "west":  { "uv": [ 1, 4, 2, 1 ], "rotation": 90, "texture": "#texture" },
        "east":  { "uv": [ 14, 1, 15, 4 ], "rotation": 90, "texture": "#texture" }
    }
},
{
    "from": [ 1, 0, 5 ],
    "to": [ 15, 1, 8 ],
    "faces": {
        "down":  { "uv": [ 15, 8, 1, 5 ], "texture": "#texture" },
        "up":    { "uv": [ 1, 5, 15, 8 ], "texture": "#texture" },
        "north": { "uv": [ 1, 5, 15, 6 ], "texture": "#texture" },
        "south": { "uv": [ 1, 7, 15, 8 ], "texture": "#texture" },
        "west":  { "uv": [ 1, 8, 2, 5 ], "rotation": 90, "texture": "#texture" },
        "east":  { "uv": [ 14, 5, 15, 8 ], "rotation": 90, "texture": "#texture" }
    }
},
{
    "from": [ 1, 0, 9 ],
    "to": [ 15, 1, 12 ],
    "faces": {
        "down":  { "uv": [ 15, 12, 1, 9 ], "texture": "#texture" },
        "up":    { "uv": [ 1, 9, 15, 12 ], "texture": "#texture" },
        "north": { "uv": [ 1, 9, 15, 10 ], "texture": "#texture" },
        "south": { "uv": [ 1, 11, 15, 12 ], "texture": "#texture" },
        "west":  { "uv": [ 1, 12, 2, 9 ], "rotation": 90, "texture": "#texture" },
        "east":  { "uv": [ 14, 9, 15, 12 ], "rotation": 90, "texture": "#texture" }
    }
},
{
    "from": [ 1, 0, 13 ],
    "to": [ 15, 1, 16 ],
    "faces": {
        "down":  { "uv": [ 15, 16, 1, 13 ], "texture": "#texture" },
        "up":    { "uv": [ 1, 13, 15, 16 ], "texture": "#texture" },
        "north": { "uv": [ 1, 13, 15, 14 ], "texture": "#texture" },
        "south": { "uv": [ 1, 15, 15, 16 ], "texture": "#texture" },
        "west":  { "uv": [ 1, 16, 2, 13 ], "rotation": 90, "texture": "#texture" },
        "east":  { "uv": [ 14, 13, 15, 16 ], "rotation": 90, "texture": "#texture" }
    }
}
],
"display": {
    "thirdperson_righthand": {
        "rotation": [ 90, 0, 90 ],
        "translation": [ -3, 0, 0 ],
        "scale": [ 0.37, 0.37, 0.37 ]
    },
    "thirdperson_lefthand": {
        "rotation": [ 90, 0, 90 ],
        "translation": [ -3, 0, 0 ],
        "scale": [ 0.37, 0.37, 0.37 ]
    },
    "head": {
        "rotation": [ 0, 0, 0 ],
        "translation": [ 0, 14, 0 ],
        "scale": [ 1, 1, 1 ]
    },
    "ground": {
        "rotation": [ 0, 0, 0 ],
        "translation": [ 0, 3, 0 ],
        "scale": [ 0.25, 0.25, 0.25 ]
    },
    "fixed": {
        "rotation": [ -90, 0, 0 ],
        "translation": [ 0, 0, -8 ],
        "scale": [ 1, 1, 1 ]
    },
    "firstperson_righthand": {
        "rotation": [ 90, 0, 60 ],
        "translation": [ -4.35, -0.94, -3.21 ],
        "scale": [ 1, 1, 1 ]
    },
    "firstperson_lefthand": {
        "rotation": [ 90, 0, 60 ],
        "translation": [ -4.35, -0.94, -3.21 ],
        "scale": [ 1, 1, 1 ]
    }
}
}