{
"textures": {
    "particle": "blocks/Adv/Doors/oak_door",
    "oak_door": "blocks/Adv/Doors/oak_door"
},
"elements": [ 
{
    "from": [ 0, 12, 0 ],
    "to": [ 3, 16, 16 ],
    "faces": {
        "down":  { "uv": [ 9.5, 3.5, 1.5, 2 ], "rotation": 90, "texture": "#oak_door" },
        "up":    { "uv": [ 14.5, 0, 16, 8 ], "texture": "#oak_door" },
        "north": { "uv": [ 0, 0, 1.5, 2 ], "texture": "#oak_door" },
        "south": { "uv": [ 9.5, 0, 11, 2 ], "texture": "#oak_door" },
        "west":  { "uv": [ 1.5, 0, 9.5, 2 ], "texture": "#oak_door" },
        "east":  { "uv": [ 1.5, 0, 9.5, 2 ], "texture": "#oak_door" }
    }
},
{
    "from": [ 0, 2, 0 ],
    "to": [ 3, 12, 3 ],
    "faces": {
        "down":  { "uv": [ 16, 3, 13, 0 ], "texture": "#oak_door" },
        "up":    { "uv": [ 0, 0, 3, 3 ], "texture": "#oak_door" },
        "north": { "uv": [ 0, 2, 1.5, 7 ], "texture": "#oak_door" },
        "south": { "uv": [ 8, 1.5, 9.5, 7 ], "texture": "#oak_door" },
        "west":  { "uv": [ 1.5, 2, 3, 7 ], "texture": "#oak_door" },
        "east":  { "uv": [ 3, 2, 1.5, 7 ], "texture": "#oak_door" }
    }
},
{
    "from": [ 0, 2, 13 ],
    "to": [ 3, 12, 16 ],
    "faces": {
        "down":  { "uv": [ 16, 3, 13, 0 ], "texture": "#oak_door" },
        "up":    { "uv": [ 0, 0, 3, 3 ], "texture": "#oak_door" },
        "north": { "uv": [ 8, 2, 9.5, 7 ], "texture": "#oak_door" },
        "south": { "uv": [ 9.5, 1.5, 11, 7 ], "texture": "#oak_door" },
        "west":  { "uv": [ 8, 2, 9.5, 7 ], "texture": "#oak_door" },
        "east":  { "uv": [ 9.5, 2, 8, 7 ], "texture": "#oak_door" }
    }
},
{
    "from": [ 0, 0, 0 ],
    "to": [ 3, 2, 16 ],
    "faces": {
        "down":  { "uv": [ 9.5, 3.5, 1.5, 2 ], "rotation": 90, "texture": "#oak_door" },
        "up":    { "uv": [ 1.5, 2, 9.5, 3.5 ], "rotation": 90, "texture": "#oak_door" },
        "north": { "uv": [ 0, 7, 1.5, 8 ], "texture": "#oak_door" },
        "south": { "uv": [ 9.5, 7, 11, 8 ], "texture": "#oak_door" },
        "west":  { "uv": [ 1.5, 7, 9.5, 8 ], "texture": "#oak_door" },
        "east":  { "uv": [ 9.5, 7, 1.5, 8 ], "texture": "#oak_door" }
    }
},
{
    "from": [ -1, 0, 12 ],
    "to": [ 4, 1, 15 ],
    "faces": {
        "down":  { "uv": [ 9, 8, 7.5, 7.5 ], "texture": "#oak_door" },
        "up":    { "uv": [ 7.5, 7.5, 9, 8 ], "texture": "#oak_door" },
        "north": { "uv": [ 7.5, 7.5, 9, 8 ], "texture": "#oak_door" },
        "south": { "uv": [ 7.5, 7.5, 9, 8 ], "texture": "#oak_door" },
        "west":  { "uv": [ 7.5, 7.5, 9, 8 ], "texture": "#oak_door" },
        "east":  { "uv": [ 7.5, 7.5, 9, 8 ], "texture": "#oak_door" }
    }
}
]
}