{
"textures": {
    "particle": "blocks/Adv/Doors/oak_door",
    "oak_door": "blocks/Adv/Doors/oak_door"
},
"elements": [ 
{
    "from": [ 0, 0, 0 ],
    "to": [ 3, 16, 16 ],
    "faces": {
        "down":  { "uv": [ 16, 8, 14.5, 0 ], "rotation": 180, "texture": "#oak_door" },
        "up":    { "uv": [ 3, 0, 6.5, 16 ], "texture": "#oak_door" },
        "north": { "uv": [ 0, 8, 1.5, 16 ], "texture": "#oak_door" },
        "south": { "uv": [ 9.5, 8, 11, 16 ], "texture": "#oak_door" },
        "west":  { "uv": [ 1.5, 8, 9.5, 16 ], "texture": "#oak_door" },
        "east":  { "uv": [ 9.5, 8, 1.5, 16 ], "texture": "#oak_door" }
    }
},
{
    "from": [ -1, 15, 12 ],
    "to": [ 4, 16, 15 ],
    "faces": {
        "down":  { "uv": [ 9, 8.5, 7.5, 8 ], "rotation": 90, "texture": "#oak_door" },
        "up":    { "uv": [ 7.5, 8, 11.5, 10.5 ], "texture": "#oak_door" },
        "north": { "uv": [ 7.5, 8, 8, 8.5 ], "texture": "#oak_door" },
        "south": { "uv": [ 8.5, 8, 9, 8.5 ], "texture": "#oak_door" },
        "west":  { "uv": [ 7.5, 8, 9, 8.5 ], "texture": "#oak_door" },
        "east":  { "uv": [ 9, 8, 7.5, 8.5 ], "texture": "#oak_door" }
    }
}
]
}