{
    "__comment": "TheVoid1313's AD Reforged - by kyctarniq",
    "variants":
	{	"snowy=false":
		[	{ "model": "grass/0", "weight": 200},
            { "model": "grass/0", "weight": 200, "y": 90 },
            { "model": "grass/0", "weight": 200, "y": 180 },
            { "model": "grass/0", "weight": 200, "y": 270 },
			{ "model": "grass/1", "weight": 200},
            { "model": "grass/1", "weight": 200, "y": 90 },
            { "model": "grass/1", "weight": 200, "y": 180 },
            { "model": "grass/1", "weight": 200, "y": 270 },
			{ "model": "grass/2", "weight": 4 },
			{ "model": "grass/2", "weight": 4, "y": 90 },
			{ "model": "grass/3", "weight": 1 },
			{ "model": "grass/4", "weight": 4 },
			{ "model": "grass/4", "weight": 4, "y": 90 },
			{ "model": "grass/5", "weight": 1 }
        ],
        "snowy=true": { "model": "grass_snowed" }
    }
}
