{
    "__comment": "TheVoid1313's AD Reforged - by kyctarniq",
    "variants": {
        "snowy=false": [
            { "model": "dirt_podzol/0", "weight": 200 },
            { "model": "dirt_podzol/0", "weight": 200, "y": 90 },
            { "model": "dirt_podzol/0", "weight": 200, "y": 180 },
            { "model": "dirt_podzol/0", "weight": 200, "y": 270 },
            { "model": "dirt_podzol/1", "weight": 200 },
            { "model": "dirt_podzol/1", "weight": 200, "y": 90 },
            { "model": "dirt_podzol/1", "weight": 200, "y": 180 },
            { "model": "dirt_podzol/1", "weight": 200, "y": 270 },
			{ "model": "dirt_podzol/2", "weight": 200 },
            { "model": "dirt_podzol/2", "weight": 200, "y": 90 },
            { "model": "dirt_podzol/2", "weight": 200, "y": 180 },
            { "model": "dirt_podzol/2", "weight": 200, "y": 270 },
			{ "model": "dirt_podzol/3", "weight": 200 },
            { "model": "dirt_podzol/3", "weight": 200, "y": 90 },
            { "model": "dirt_podzol/3", "weight": 200, "y": 180 },
            { "model": "dirt_podzol/3", "weight": 200, "y": 270 }
        ],
        "snowy=true":  { "model": "dirt_podzol/snowed" }
    }
}
