{
"textures": {
    "particle": "blocks/adv/flower_pot/flower_pot",
    "texture": "blocks/adv/flower_pot/flower_pot"
},
"elements": [ 
{
    "from": [ 5, 0, 5 ],
    "to": [ 11, 5, 11 ],
    "faces": {
        "down":  { "uv": [ 5, 10, 0, 5 ], "texture": "#texture" },
        "up":    { "uv": [ 5, 5, 11, 11 ], "texture": "#texture" },
        "north": { "uv": [ 5, 11, 11, 16 ], "texture": "#texture" },
        "south": { "uv": [ 5, 11, 11, 16 ], "texture": "#texture" },
        "west":  { "uv": [ 5, 11, 11, 16 ], "texture": "#texture" },
        "east":  { "uv": [ 5, 11, 11, 16 ], "texture": "#texture" }
    }
}
]
}