{
    "__comment": "TheVoid1313's AD Reforged - by kyctarniq",
    "textures": {
        "block": "blocks/nether_brick/4",
		"top": "blocks/nether_brick/top",
		"particle": "blocks/nether_brick/0"
    },
	"elements": [
	{
		"type":"cube", //Block
		"from": [0,0,0],
		"to": [16,16,16],
		"faces": {
			"down":{"uv":[0,0,16,16],"texture":"#block","cullface":down},
			"up":{"uv":[0,0,16,16],"texture":"#top","cullface":up},
			"north":{"uv":[0,0,16,16],"texture":"#block","cullface":north},
			"south":{"uv":[0,0,16,16],"texture":"#block","cullface":south},
			"west":{"uv":[0,0,16,16],"texture":"#block","cullface":west},
			"east":{"uv":[0,0,16,16],"texture":"#block","cullface":east}
		}
	}
	],
	"display": {
	"thirdperson": {
		"rotation": [ 0, 45, 1 ],
		"translation": [ 0, 0.5, 0 ],
		"scale": [ 1.1, 1.1, 1.1 ]
	},
	"firstperson": {
		"rotation": [ 0, 0, 0 ],
		"translation": [ 0, 0, 0 ],
		"scale": [ 1, 1, 1 ]
	},
	"gui": {
		"rotation": [ 0, 0, 0 ],
		"translation": [ 0, 0, 0 ],
		"scale": [ 1, 1, 1 ]
	}
	}
}
